timestamp,dataset,d,nb,nq,budget_b,nlist,nprobe,topk,rerank_depth,train_rows,threads,impl_backend,coarse_train_s,coarse_add_s,coarse_assign_s,avg_candidates_per_q,candidate_hit_rate,structure_s,prep_s,codebook_s,train_total_s,peak_ram_gb,add_encode_s,encode_us_per_vec,rerank_total_s,search_total_s,search_ms_per_q,qps,recall_1,recall_10,recall_100,recall_1000,overlap_1000,J,index_size_mb,notes
2026-07-07T14:22:34Z,sift1M,128,1000000,10000,64,4096,4,1000,all,100000,12,cpp:IVF+EPQ payload=IndexEPQ,20.903735335,26.71434141,0.095360311,1324.4313,0.6893,1694.518,45.025,38.827,1800.290500914,23.001,26.71434141,26.71434141,0.287,0.382106055,0.0382106055,26170.74466406977,0.285,0.5949,0.6883,0.6893,0.2724203000000003,18210.7598,19.2476,"config=epq_train_standard_reuse.json; coarse protocol fixed across methods; splits=train/full query/full; topk=1000; metric_topk=1000; rerank_depth=all; recon_sample=200000; peak_ram_gb=/usr/bin/time -v maxrss; index_size_mb=serialized bytes /(1024^2); log_stem=joint_sift1M_64b_epq_nlist4096_nprobe4; coarse_kmeans=25x1; run_tag=joint_topk1000_fullsplits_serial_t12_host_cpuset1x3x5x7x9x11x13x15x17x19x21x23_epq_qpsopt_norefreshstruct_20260707; env=host=anonymous, cpu=Intel(R) Xeon(R) Gold 6448Y, cpuset=1,3,5,7,9,11,13,15,17,19,21,23, mems=0-1, faiss_target=faiss_avx2, simd=avx2, compiler=GNU-13.3.0; method_cfg=family=epq,total_bits=64,km=25x1,transform=on,transform_cfg=0/15x1,transform_rows=65536/16384,transform_proxy_bits=8,transform_exact=1,builder=refined,grow+cryst+chain,proxy=16384/4096,km=8x1,proxy_bits=4"
2026-06-27T16:23:27Z,sift1M,128,1000000,10000,64,4096,4,1000,all,100000,12,cpp:IVF+EPQ payload=IndexEPQ,36.059059,14.235165,0.100481,1324.4313,0.6893,0.000047,12.839658,1.478502,36.059059,1.17,14.235165,14.235,0.484049,0.584531,0.058,17107.744,0.6893,0.6893,0.6893,0.6893,0.2721,18516.1797,17.524,"config=epq_train_standard_reuse.json; coarse protocol fixed across methods; splits=train/full query/full; topk=1000; metric_topk=1000; rerank_depth=all; recon_sample=200000; peak_ram_gb=/usr/bin/time -v maxrss; index_size_mb=serialized bytes /(1024^2); log_stem=joint_sift1M_64b_epq_nlist4096_nprobe4_refine; coarse_kmeans=25x1; run_tag=joint_topk1000_fullsplits_serial_t12_host_cpuset1x3x5x7x9x11x13x15x17x19x21x23_epq_perfvalidated_refine_20260627; env=host=anonymous, cpu=Intel(R) Xeon(R) Gold 6448Y, cpuset=1,3,5,7,9,11,13,15,17,19,21,23, mems=0-1, faiss_target=faiss_avx2, simd=avx2, compiler=GNU-13.3.0; method_cfg=family=epq,total_bits=64,km=25x1,transform=on,transform_cfg=0/15x1,transform_rows=65536/16384,transform_proxy_bits=8,transform_exact=1,builder=fixed; refine=IndexRefineFlat k_factor=1.0"
2026-07-07T14:53:04Z,sift1M,128,1000000,10000,64,4096,8,1000,all,100000,12,cpp:IVF+EPQ payload=IndexEPQ,20.893720988,26.853653042,0.102837207,2632.2219,0.8061,0.000,64.876,36.939,123.734021075,0.755,26.853653042,26.853653041999998,0.559,0.661432104,0.0661432104,15118.709750441749,0.3051,0.6682,0.8024,0.8061,0.38636789999999904,18264.0371,19.2476,"config=epq_train_standard_reuse.json; coarse protocol fixed across methods; splits=train/full query/full; topk=1000; metric_topk=1000; rerank_depth=all; recon_sample=200000; peak_ram_gb=/usr/bin/time -v maxrss; index_size_mb=serialized bytes /(1024^2); log_stem=joint_sift1M_64b_epq_nlist4096_nprobe8; coarse_kmeans=25x1; run_tag=joint_topk1000_fullsplits_serial_t12_host_cpuset1x3x5x7x9x11x13x15x17x19x21x23_epq_qpsopt_norefreshstruct_20260707; env=host=anonymous, cpu=Intel(R) Xeon(R) Gold 6448Y, cpuset=1,3,5,7,9,11,13,15,17,19,21,23, mems=0-1, faiss_target=faiss_avx2, simd=avx2, compiler=GNU-13.3.0; method_cfg=family=epq,total_bits=64,km=25x1,transform=on,transform_cfg=0/15x1,transform_rows=65536/16384,transform_proxy_bits=8,transform_exact=1,builder=fixed"
2026-06-27T16:24:20Z,sift1M,128,1000000,10000,64,4096,8,1000,all,100000,12,cpp:IVF+EPQ payload=IndexEPQ,36.410782,14.277468,0.100901,2632.2219,0.8061,0.000048,12.676844,1.456941,36.410782,1.169,14.277468,14.277,0.629435,0.730336,0.073,13692.324,0.8061,0.8061,0.8061,0.8061,0.3843,18516.1797,17.524,"config=epq_train_standard_reuse.json; coarse protocol fixed across methods; splits=train/full query/full; topk=1000; metric_topk=1000; rerank_depth=all; recon_sample=200000; peak_ram_gb=/usr/bin/time -v maxrss; index_size_mb=serialized bytes /(1024^2); log_stem=joint_sift1M_64b_epq_nlist4096_nprobe8_refine; coarse_kmeans=25x1; run_tag=joint_topk1000_fullsplits_serial_t12_host_cpuset1x3x5x7x9x11x13x15x17x19x21x23_epq_perfvalidated_refine_20260627; env=host=anonymous, cpu=Intel(R) Xeon(R) Gold 6448Y, cpuset=1,3,5,7,9,11,13,15,17,19,21,23, mems=0-1, faiss_target=faiss_avx2, simd=avx2, compiler=GNU-13.3.0; method_cfg=family=epq,total_bits=64,km=25x1,transform=on,transform_cfg=0/15x1,transform_rows=65536/16384,transform_proxy_bits=8,transform_exact=1,builder=fixed; refine=IndexRefineFlat k_factor=1.0"
2026-07-07T14:55:38Z,sift1M,128,1000000,10000,64,4096,16,1000,all,100000,12,cpp:IVF+EPQ payload=IndexEPQ,20.933991119,26.738605428,0.104704683,5167.762,0.895,0.000,62.678,36.944,121.584015087,0.754,26.738605428,26.738605428,1.008,1.112215118,0.11122151179999999,8991.066420659821,0.3154,0.7095,0.8849,0.895,0.48427639999999866,18257.7969,19.2476,"config=epq_train_standard_reuse.json; coarse protocol fixed across methods; splits=train/full query/full; topk=1000; metric_topk=1000; rerank_depth=all; recon_sample=200000; peak_ram_gb=/usr/bin/time -v maxrss; index_size_mb=serialized bytes /(1024^2); log_stem=joint_sift1M_64b_epq_nlist4096_nprobe16; coarse_kmeans=25x1; run_tag=joint_topk1000_fullsplits_serial_t12_host_cpuset1x3x5x7x9x11x13x15x17x19x21x23_epq_qpsopt_norefreshstruct_20260707; env=host=anonymous, cpu=Intel(R) Xeon(R) Gold 6448Y, cpuset=1,3,5,7,9,11,13,15,17,19,21,23, mems=0-1, faiss_target=faiss_avx2, simd=avx2, compiler=GNU-13.3.0; method_cfg=family=epq,total_bits=64,km=25x1,transform=on,transform_cfg=0/15x1,transform_rows=65536/16384,transform_proxy_bits=8,transform_exact=1,builder=fixed"
2026-06-27T16:25:14Z,sift1M,128,1000000,10000,64,4096,16,1000,all,100000,12,cpp:IVF+EPQ payload=IndexEPQ,36.044513,14.209013,0.104738,5167.762,0.895,0.000049,12.850678,1.47946,36.044513,1.169,14.209013,14.209,0.833615,0.938353,0.094,10656.968,0.895,0.895,0.895,0.895,0.479,18516.1797,17.524,"config=epq_train_standard_reuse.json; coarse protocol fixed across methods; splits=train/full query/full; topk=1000; metric_topk=1000; rerank_depth=all; recon_sample=200000; peak_ram_gb=/usr/bin/time -v maxrss; index_size_mb=serialized bytes /(1024^2); log_stem=joint_sift1M_64b_epq_nlist4096_nprobe16_refine; coarse_kmeans=25x1; run_tag=joint_topk1000_fullsplits_serial_t12_host_cpuset1x3x5x7x9x11x13x15x17x19x21x23_epq_perfvalidated_refine_20260627; env=host=anonymous, cpu=Intel(R) Xeon(R) Gold 6448Y, cpuset=1,3,5,7,9,11,13,15,17,19,21,23, mems=0-1, faiss_target=faiss_avx2, simd=avx2, compiler=GNU-13.3.0; method_cfg=family=epq,total_bits=64,km=25x1,transform=on,transform_cfg=0/15x1,transform_rows=65536/16384,transform_proxy_bits=8,transform_exact=1,builder=fixed; refine=IndexRefineFlat k_factor=1.0"
2026-07-07T14:58:09Z,sift1M,128,1000000,10000,64,4096,32,1000,all,100000,12,cpp:IVF+EPQ payload=IndexEPQ,20.934892507,26.725922706,0.107466431,10078.337,0.9556,0.000,37.043,36.813,95.821313659,0.754,26.725922706,26.725922706,1.942,2.049310854,0.20493108539999996,4879.689179648487,0.3065,0.7232,0.9412,0.9556,0.5495628,18243.2363,19.2476,"config=epq_train_standard_reuse.json; coarse protocol fixed across methods; splits=train/full query/full; topk=1000; metric_topk=1000; rerank_depth=all; recon_sample=200000; peak_ram_gb=/usr/bin/time -v maxrss; index_size_mb=serialized bytes /(1024^2); log_stem=joint_sift1M_64b_epq_nlist4096_nprobe32; coarse_kmeans=25x1; run_tag=joint_topk1000_fullsplits_serial_t12_host_cpuset1x3x5x7x9x11x13x15x17x19x21x23_epq_qpsopt_norefreshstruct_20260707; env=host=anonymous, cpu=Intel(R) Xeon(R) Gold 6448Y, cpuset=1,3,5,7,9,11,13,15,17,19,21,23, mems=0-1, faiss_target=faiss_avx2, simd=avx2, compiler=GNU-13.3.0; method_cfg=family=epq,total_bits=64,km=25x1,transform=on,transform_cfg=0/15x1,transform_rows=65536/16384,transform_proxy_bits=8,transform_exact=1,builder=fixed"
2026-06-27T16:26:08Z,sift1M,128,1000000,10000,64,4096,32,1000,all,100000,12,cpp:IVF+EPQ payload=IndexEPQ,35.921317,14.331639,0.109525,10078.337,0.9556,0.000044,12.902887,1.487379,35.921317,1.17,14.331639,14.332,1.204924,1.314449,0.131,7607.751,0.9556,0.9556,0.9556,0.9556,0.5426,18516.1797,17.524,"config=epq_train_standard_reuse.json; coarse protocol fixed across methods; splits=train/full query/full; topk=1000; metric_topk=1000; rerank_depth=all; recon_sample=200000; peak_ram_gb=/usr/bin/time -v maxrss; index_size_mb=serialized bytes /(1024^2); log_stem=joint_sift1M_64b_epq_nlist4096_nprobe32_refine; coarse_kmeans=25x1; run_tag=joint_topk1000_fullsplits_serial_t12_host_cpuset1x3x5x7x9x11x13x15x17x19x21x23_epq_perfvalidated_refine_20260627; env=host=anonymous, cpu=Intel(R) Xeon(R) Gold 6448Y, cpuset=1,3,5,7,9,11,13,15,17,19,21,23, mems=0-1, faiss_target=faiss_avx2, simd=avx2, compiler=GNU-13.3.0; method_cfg=family=epq,total_bits=64,km=25x1,transform=on,transform_cfg=0/15x1,transform_rows=65536/16384,transform_proxy_bits=8,transform_exact=1,builder=fixed; refine=IndexRefineFlat k_factor=1.0"
2026-07-07T15:00:16Z,sift1M,128,1000000,10000,128,4096,4,1000,all,100000,12,cpp:IVF+EPQ payload=IndexEPQ,20.817741997,14.008164903,0.095462712,1324.4313,0.6893,746.053,20.262,4.600,792.770719889,16.563,14.008164903,14.008164903,0.320,0.415090646,0.041509064600000006,24091.123460295945,0.4201,0.6739,0.6893,0.6893,0.27530200000000016,9492.0859,26.7829,"config=epq_train_standard_reuse.json; coarse protocol fixed across methods; splits=train/full query/full; topk=1000; metric_topk=1000; rerank_depth=all; recon_sample=200000; peak_ram_gb=/usr/bin/time -v maxrss; index_size_mb=serialized bytes /(1024^2); log_stem=joint_sift1M_128b_epq_nlist4096_nprobe4; coarse_kmeans=25x1; run_tag=joint_topk1000_fullsplits_serial_t12_host_cpuset1x3x5x7x9x11x13x15x17x19x21x23_epq_qpsopt_norefreshstruct_20260707; env=host=anonymous, cpu=Intel(R) Xeon(R) Gold 6448Y, cpuset=1,3,5,7,9,11,13,15,17,19,21,23, mems=0-1, faiss_target=faiss_avx2, simd=avx2, compiler=GNU-13.3.0; method_cfg=family=epq,total_bits=128,km=25x1,transform=on,transform_cfg=0/15x1,transform_rows=65536/16384,transform_proxy_bits=8,transform_exact=1,builder=refined,grow+cryst+chain,proxy=16384/4096,km=8x1,proxy_bits=4"
2026-06-27T16:27:03Z,sift1M,128,1000000,10000,128,4096,4,1000,all,100000,12,cpp:IVF+EPQ payload=IndexEPQ,45.253882,14.254442,0.095318,1324.4313,0.6893,0.000048,21.404974,2.394328,45.253882,1.405,14.254442,14.254,0.571705,0.667023,0.067,14991.996,0.6893,0.6893,0.6893,0.6893,0.2752,9591.2529,25.844,"config=epq_train_standard_reuse.json; coarse protocol fixed across methods; splits=train/full query/full; topk=1000; metric_topk=1000; rerank_depth=all; recon_sample=200000; peak_ram_gb=/usr/bin/time -v maxrss; index_size_mb=serialized bytes /(1024^2); log_stem=joint_sift1M_128b_epq_nlist4096_nprobe4_refine; coarse_kmeans=25x1; run_tag=joint_topk1000_fullsplits_serial_t12_host_cpuset1x3x5x7x9x11x13x15x17x19x21x23_epq_perfvalidated_refine_20260627; env=host=anonymous, cpu=Intel(R) Xeon(R) Gold 6448Y, cpuset=1,3,5,7,9,11,13,15,17,19,21,23, mems=0-1, faiss_target=faiss_avx2, simd=avx2, compiler=GNU-13.3.0; method_cfg=family=epq,total_bits=128,km=25x1,transform=on,transform_cfg=0/15x1,transform_rows=65536/16384,transform_proxy_bits=8,transform_exact=1,builder=fixed; refine=IndexRefineFlat k_factor=1.0"
2026-07-07T15:13:45Z,sift1M,128,1000000,10000,128,4096,8,1000,all,100000,12,cpp:IVF+EPQ payload=IndexEPQ,20.826039555,14.74361165,0.100330024,2632.2219,0.8061,0.000,18.967,4.600,45.413533249,1.019,14.74361165,14.74361165,0.611,0.711475155,0.07114751550000001,14055.304573495612,0.4595,0.7799,0.8061,0.8061,0.40229480000000034,9485.1670,26.7829,"config=epq_train_standard_reuse.json; coarse protocol fixed across methods; splits=train/full query/full; topk=1000; metric_topk=1000; rerank_depth=all; recon_sample=200000; peak_ram_gb=/usr/bin/time -v maxrss; index_size_mb=serialized bytes /(1024^2); log_stem=joint_sift1M_128b_epq_nlist4096_nprobe8; coarse_kmeans=25x1; run_tag=joint_topk1000_fullsplits_serial_t12_host_cpuset1x3x5x7x9x11x13x15x17x19x21x23_epq_qpsopt_norefreshstruct_20260707; env=host=anonymous, cpu=Intel(R) Xeon(R) Gold 6448Y, cpuset=1,3,5,7,9,11,13,15,17,19,21,23, mems=0-1, faiss_target=faiss_avx2, simd=avx2, compiler=GNU-13.3.0; method_cfg=family=epq,total_bits=128,km=25x1,transform=on,transform_cfg=0/15x1,transform_rows=65536/16384,transform_proxy_bits=8,transform_exact=1,builder=fixed"
2026-06-27T16:28:05Z,sift1M,128,1000000,10000,128,4096,8,1000,all,100000,12,cpp:IVF+EPQ payload=IndexEPQ,46.055273,14.237105,0.096898,2632.2219,0.8061,0.000047,21.408499,2.369603,46.055273,1.404,14.237105,14.237,0.792798,0.889696,0.089,11239.799,0.8061,0.8061,0.8061,0.8061,0.4019,9591.2529,25.844,"config=epq_train_standard_reuse.json; coarse protocol fixed across methods; splits=train/full query/full; topk=1000; metric_topk=1000; rerank_depth=all; recon_sample=200000; peak_ram_gb=/usr/bin/time -v maxrss; index_size_mb=serialized bytes /(1024^2); log_stem=joint_sift1M_128b_epq_nlist4096_nprobe8_refine; coarse_kmeans=25x1; run_tag=joint_topk1000_fullsplits_serial_t12_host_cpuset1x3x5x7x9x11x13x15x17x19x21x23_epq_perfvalidated_refine_20260627; env=host=anonymous, cpu=Intel(R) Xeon(R) Gold 6448Y, cpuset=1,3,5,7,9,11,13,15,17,19,21,23, mems=0-1, faiss_target=faiss_avx2, simd=avx2, compiler=GNU-13.3.0; method_cfg=family=epq,total_bits=128,km=25x1,transform=on,transform_cfg=0/15x1,transform_rows=65536/16384,transform_proxy_bits=8,transform_exact=1,builder=fixed; refine=IndexRefineFlat k_factor=1.0"
2026-07-07T15:14:48Z,sift1M,128,1000000,10000,128,4096,16,1000,all,100000,12,cpp:IVF+EPQ payload=IndexEPQ,20.845772687,14.723871635,0.105199409,5167.762,0.895,0.000,19.450,4.591,45.908832412,1.019,14.723871635,14.723871635,1.126,1.231497125,0.1231497125,8120.197600948521,0.4914,0.857,0.8949,0.895,0.5320684000000014,9490.9902,26.7829,"config=epq_train_standard_reuse.json; coarse protocol fixed across methods; splits=train/full query/full; topk=1000; metric_topk=1000; rerank_depth=all; recon_sample=200000; peak_ram_gb=/usr/bin/time -v maxrss; index_size_mb=serialized bytes /(1024^2); log_stem=joint_sift1M_128b_epq_nlist4096_nprobe16; coarse_kmeans=25x1; run_tag=joint_topk1000_fullsplits_serial_t12_host_cpuset1x3x5x7x9x11x13x15x17x19x21x23_epq_qpsopt_norefreshstruct_20260707; env=host=anonymous, cpu=Intel(R) Xeon(R) Gold 6448Y, cpuset=1,3,5,7,9,11,13,15,17,19,21,23, mems=0-1, faiss_target=faiss_avx2, simd=avx2, compiler=GNU-13.3.0; method_cfg=family=epq,total_bits=128,km=25x1,transform=on,transform_cfg=0/15x1,transform_rows=65536/16384,transform_proxy_bits=8,transform_exact=1,builder=fixed"
2026-06-27T16:29:09Z,sift1M,128,1000000,10000,128,4096,16,1000,all,100000,12,cpp:IVF+EPQ payload=IndexEPQ,45.634553,14.256867,0.104716,5167.762,0.895,0.000046,21.554504,2.403273,45.634553,1.406,14.256867,14.257,1.152109,1.256825,0.126,7956.555,0.895,0.895,0.895,0.895,0.5307,9591.2529,25.844,"config=epq_train_standard_reuse.json; coarse protocol fixed across methods; splits=train/full query/full; topk=1000; metric_topk=1000; rerank_depth=all; recon_sample=200000; peak_ram_gb=/usr/bin/time -v maxrss; index_size_mb=serialized bytes /(1024^2); log_stem=joint_sift1M_128b_epq_nlist4096_nprobe16_refine; coarse_kmeans=25x1; run_tag=joint_topk1000_fullsplits_serial_t12_host_cpuset1x3x5x7x9x11x13x15x17x19x21x23_epq_perfvalidated_refine_20260627; env=host=anonymous, cpu=Intel(R) Xeon(R) Gold 6448Y, cpuset=1,3,5,7,9,11,13,15,17,19,21,23, mems=0-1, faiss_target=faiss_avx2, simd=avx2, compiler=GNU-13.3.0; method_cfg=family=epq,total_bits=128,km=25x1,transform=on,transform_cfg=0/15x1,transform_rows=65536/16384,transform_proxy_bits=8,transform_exact=1,builder=fixed; refine=IndexRefineFlat k_factor=1.0"
2026-07-07T15:15:52Z,sift1M,128,1000000,10000,128,4096,32,1000,all,100000,12,cpp:IVF+EPQ payload=IndexEPQ,20.707336877,14.57882399,0.110148257,10078.337,0.9556,0.000,14.380,4.597,40.706525379,1.018,14.57882399,14.57882399,2.135,2.245501693,0.2245501693,4453.347789125893,0.4969,0.9,0.9553,0.9556,0.6363945999999986,9488.1387,26.7829,"config=epq_train_standard_reuse.json; coarse protocol fixed across methods; splits=train/full query/full; topk=1000; metric_topk=1000; rerank_depth=all; recon_sample=200000; peak_ram_gb=/usr/bin/time -v maxrss; index_size_mb=serialized bytes /(1024^2); log_stem=joint_sift1M_128b_epq_nlist4096_nprobe32; coarse_kmeans=25x1; run_tag=joint_topk1000_fullsplits_serial_t12_host_cpuset1x3x5x7x9x11x13x15x17x19x21x23_epq_qpsopt_norefreshstruct_20260707; env=host=anonymous, cpu=Intel(R) Xeon(R) Gold 6448Y, cpuset=1,3,5,7,9,11,13,15,17,19,21,23, mems=0-1, faiss_target=faiss_avx2, simd=avx2, compiler=GNU-13.3.0; method_cfg=family=epq,total_bits=128,km=25x1,transform=on,transform_cfg=0/15x1,transform_rows=65536/16384,transform_proxy_bits=8,transform_exact=1,builder=fixed"
2026-06-27T16:30:14Z,sift1M,128,1000000,10000,128,4096,32,1000,all,100000,12,cpp:IVF+EPQ payload=IndexEPQ,45.463529,14.307756,0.11085,10078.337,0.9556,0.000046,21.426754,2.377403,45.463529,1.408,14.307756,14.308,1.806031,1.916882,0.192,5216.806,0.9556,0.9556,0.9556,0.9556,0.6337,9591.2529,25.844,"config=epq_train_standard_reuse.json; coarse protocol fixed across methods; splits=train/full query/full; topk=1000; metric_topk=1000; rerank_depth=all; recon_sample=200000; peak_ram_gb=/usr/bin/time -v maxrss; index_size_mb=serialized bytes /(1024^2); log_stem=joint_sift1M_128b_epq_nlist4096_nprobe32_refine; coarse_kmeans=25x1; run_tag=joint_topk1000_fullsplits_serial_t12_host_cpuset1x3x5x7x9x11x13x15x17x19x21x23_epq_perfvalidated_refine_20260627; env=host=anonymous, cpu=Intel(R) Xeon(R) Gold 6448Y, cpuset=1,3,5,7,9,11,13,15,17,19,21,23, mems=0-1, faiss_target=faiss_avx2, simd=avx2, compiler=GNU-13.3.0; method_cfg=family=epq,total_bits=128,km=25x1,transform=on,transform_cfg=0/15x1,transform_rows=65536/16384,transform_proxy_bits=8,transform_exact=1,builder=fixed; refine=IndexRefineFlat k_factor=1.0"
2026-07-07T15:16:54Z,gist1M,960,1000000,1000,64,4096,4,1000,all,500000,12,cpp:IVF+EPQ payload=IndexEPQ,684.626009438,94.317245719,0.058285711,1513.655,0.427,3142.640,227.031,17.543,4102.73493767,42.830,94.317245719,94.317245719,0.053,0.111414685,0.111414685,8975.477514476659,0.109,0.3,0.41,0.427,0.14644100000000027,0.5967,35.0106,"config=epq_train_standard_reuse.json; coarse protocol fixed across methods; splits=train/full query/full; topk=1000; metric_topk=1000; rerank_depth=all; recon_sample=200000; peak_ram_gb=/usr/bin/time -v maxrss; index_size_mb=serialized bytes /(1024^2); log_stem=joint_gist1M_64b_epq_nlist4096_nprobe4; coarse_kmeans=25x1; run_tag=joint_topk1000_fullsplits_serial_t12_host_cpuset1x3x5x7x9x11x13x15x17x19x21x23_epq_qpsopt_norefreshstruct_20260707; env=host=anonymous, cpu=Intel(R) Xeon(R) Gold 6448Y, cpuset=1,3,5,7,9,11,13,15,17,19,21,23, mems=0-1, faiss_target=faiss_avx2, simd=avx2, compiler=GNU-13.3.0; method_cfg=family=epq,total_bits=64,km=25x1,transform=on,transform_cfg=0/15x1,transform_rows=65536/16384,transform_proxy_bits=8,transform_exact=1,builder=refined,grow+cryst+chain,proxy=16384/4096,km=8x1,proxy_bits=4"
2026-06-27T16:31:21Z,gist1M,960,1000000,1000,64,4096,4,1000,all,500000,12,cpp:IVF+EPQ payload=IndexEPQ,1025.578864,106.828975,0.059296,1513.655,0.427,0.000151,305.054452,9.583865,1025.578864,12.23,106.828975,106.829,0.178931,0.238227,0.238,4197.684,0.427,0.427,0.427,0.427,0.1465,0.5978,34.485,"config=epq_train_standard_reuse.json; coarse protocol fixed across methods; splits=train/full query/full; topk=1000; metric_topk=1000; rerank_depth=all; recon_sample=200000; peak_ram_gb=/usr/bin/time -v maxrss; index_size_mb=serialized bytes /(1024^2); log_stem=joint_gist1M_64b_epq_nlist4096_nprobe4_refine; coarse_kmeans=25x1; run_tag=joint_topk1000_fullsplits_serial_t12_host_cpuset1x3x5x7x9x11x13x15x17x19x21x23_epq_perfvalidated_refine_20260627; env=host=anonymous, cpu=Intel(R) Xeon(R) Gold 6448Y, cpuset=1,3,5,7,9,11,13,15,17,19,21,23, mems=0-1, faiss_target=faiss_avx2, simd=avx2, compiler=GNU-13.3.0; method_cfg=family=epq,total_bits=64,km=25x1,transform=on,transform_cfg=0/15x1,transform_rows=65536/16384,transform_proxy_bits=8,transform_exact=1,builder=fixed; refine=IndexRefineFlat k_factor=1.0"
2026-07-07T16:27:23Z,gist1M,960,1000000,1000,64,4096,8,1000,all,500000,12,cpp:IVF+EPQ payload=IndexEPQ,683.660501045,103.008831001,0.059008431,3069.006,0.596,0.000,406.510,17.660,1138.380128396,13.227,103.008831001,103.008831001,0.118,0.1771455,0.1771455,5645.0770694146895,0.138,0.342,0.55,0.595,0.22314999999999974,0.5951,35.0106,"config=epq_train_standard_reuse.json; coarse protocol fixed across methods; splits=train/full query/full; topk=1000; metric_topk=1000; rerank_depth=all; recon_sample=200000; peak_ram_gb=/usr/bin/time -v maxrss; index_size_mb=serialized bytes /(1024^2); log_stem=joint_gist1M_64b_epq_nlist4096_nprobe8; coarse_kmeans=25x1; run_tag=joint_topk1000_fullsplits_serial_t12_host_cpuset1x3x5x7x9x11x13x15x17x19x21x23_epq_qpsopt_norefreshstruct_20260707; env=host=anonymous, cpu=Intel(R) Xeon(R) Gold 6448Y, cpuset=1,3,5,7,9,11,13,15,17,19,21,23, mems=0-1, faiss_target=faiss_avx2, simd=avx2, compiler=GNU-13.3.0; method_cfg=family=epq,total_bits=64,km=25x1,transform=on,transform_cfg=0/15x1,transform_rows=65536/16384,transform_proxy_bits=8,transform_exact=1,builder=fixed"
2026-06-27T16:50:45Z,gist1M,960,1000000,1000,64,4096,8,1000,all,500000,12,cpp:IVF+EPQ payload=IndexEPQ,1026.048052,105.61735,0.059568,3069.006,0.596,0.000149,304.119333,9.493312,1026.048052,12.23,105.61735,105.617,0.218019,0.277587,0.278,3602.472,0.596,0.596,0.596,0.596,0.223,0.5978,34.485,"config=epq_train_standard_reuse.json; coarse protocol fixed across methods; splits=train/full query/full; topk=1000; metric_topk=1000; rerank_depth=all; recon_sample=200000; peak_ram_gb=/usr/bin/time -v maxrss; index_size_mb=serialized bytes /(1024^2); log_stem=joint_gist1M_64b_epq_nlist4096_nprobe8_refine; coarse_kmeans=25x1; run_tag=joint_topk1000_fullsplits_serial_t12_host_cpuset1x3x5x7x9x11x13x15x17x19x21x23_epq_perfvalidated_refine_20260627; env=host=anonymous, cpu=Intel(R) Xeon(R) Gold 6448Y, cpuset=1,3,5,7,9,11,13,15,17,19,21,23, mems=0-1, faiss_target=faiss_avx2, simd=avx2, compiler=GNU-13.3.0; method_cfg=family=epq,total_bits=64,km=25x1,transform=on,transform_cfg=0/15x1,transform_rows=65536/16384,transform_proxy_bits=8,transform_exact=1,builder=fixed; refine=IndexRefineFlat k_factor=1.0"
2026-07-07T16:48:35Z,gist1M,960,1000000,1000,64,4096,16,1000,all,500000,12,cpp:IVF+EPQ payload=IndexEPQ,692.402298473,102.690006462,0.05939662,6174.418,0.717,0.000,221.475,17.762,961.780689947,13.226,102.690006462,102.690006462,0.252,0.311317259,0.311317259,3212.157280364594,0.125,0.387,0.648,0.713,0.2968840000000006,0.5950,35.0106,"config=epq_train_standard_reuse.json; coarse protocol fixed across methods; splits=train/full query/full; topk=1000; metric_topk=1000; rerank_depth=all; recon_sample=200000; peak_ram_gb=/usr/bin/time -v maxrss; index_size_mb=serialized bytes /(1024^2); log_stem=joint_gist1M_64b_epq_nlist4096_nprobe16; coarse_kmeans=25x1; run_tag=joint_topk1000_fullsplits_serial_t12_host_cpuset1x3x5x7x9x11x13x15x17x19x21x23_epq_qpsopt_norefreshstruct_20260707; env=host=anonymous, cpu=Intel(R) Xeon(R) Gold 6448Y, cpuset=1,3,5,7,9,11,13,15,17,19,21,23, mems=0-1, faiss_target=faiss_avx2, simd=avx2, compiler=GNU-13.3.0; method_cfg=family=epq,total_bits=64,km=25x1,transform=on,transform_cfg=0/15x1,transform_rows=65536/16384,transform_proxy_bits=8,transform_exact=1,builder=fixed"
2026-06-27T17:10:08Z,gist1M,960,1000000,1000,64,4096,16,1000,all,500000,12,cpp:IVF+EPQ payload=IndexEPQ,1024.957439,105.442882,0.059657,6174.418,0.717,0.000147,304.41265,9.529631,1024.957439,12.229,105.442882,105.443,0.292597,0.352253,0.352,2838.865,0.717,0.717,0.717,0.717,0.2969,0.5978,34.485,"config=epq_train_standard_reuse.json; coarse protocol fixed across methods; splits=train/full query/full; topk=1000; metric_topk=1000; rerank_depth=all; recon_sample=200000; peak_ram_gb=/usr/bin/time -v maxrss; index_size_mb=serialized bytes /(1024^2); log_stem=joint_gist1M_64b_epq_nlist4096_nprobe16_refine; coarse_kmeans=25x1; run_tag=joint_topk1000_fullsplits_serial_t12_host_cpuset1x3x5x7x9x11x13x15x17x19x21x23_epq_perfvalidated_refine_20260627; env=host=anonymous, cpu=Intel(R) Xeon(R) Gold 6448Y, cpuset=1,3,5,7,9,11,13,15,17,19,21,23, mems=0-1, faiss_target=faiss_avx2, simd=avx2, compiler=GNU-13.3.0; method_cfg=family=epq,total_bits=64,km=25x1,transform=on,transform_cfg=0/15x1,transform_rows=65536/16384,transform_proxy_bits=8,transform_exact=1,builder=fixed; refine=IndexRefineFlat k_factor=1.0"
2026-07-07T17:06:51Z,gist1M,960,1000000,1000,64,4096,32,1000,all,500000,12,cpp:IVF+EPQ payload=IndexEPQ,686.66624412,102.562666809,0.059814202,12404.669,0.816,0.000,292.992,17.632,1027.71341148,13.225,102.562666809,102.562666809,0.516,0.576207172,0.576207172,1735.4869022699354,0.138,0.404,0.707,0.815,0.3524090000000004,0.5943,35.0106,"config=epq_train_standard_reuse.json; coarse protocol fixed across methods; splits=train/full query/full; topk=1000; metric_topk=1000; rerank_depth=all; recon_sample=200000; peak_ram_gb=/usr/bin/time -v maxrss; index_size_mb=serialized bytes /(1024^2); log_stem=joint_gist1M_64b_epq_nlist4096_nprobe32; coarse_kmeans=25x1; run_tag=joint_topk1000_fullsplits_serial_t12_host_cpuset1x3x5x7x9x11x13x15x17x19x21x23_epq_qpsopt_norefreshstruct_20260707; env=host=anonymous, cpu=Intel(R) Xeon(R) Gold 6448Y, cpuset=1,3,5,7,9,11,13,15,17,19,21,23, mems=0-1, faiss_target=faiss_avx2, simd=avx2, compiler=GNU-13.3.0; method_cfg=family=epq,total_bits=64,km=25x1,transform=on,transform_cfg=0/15x1,transform_rows=65536/16384,transform_proxy_bits=8,transform_exact=1,builder=fixed"
2026-06-27T17:29:27Z,gist1M,960,1000000,1000,64,4096,32,1000,all,500000,12,cpp:IVF+EPQ payload=IndexEPQ,1034.03911,105.39436,0.060356,12404.669,0.816,0.00015,305.218872,9.546193,1034.03911,12.228,105.39436,105.394,0.437751,0.498108,0.498,2007.598,0.815,0.815,0.815,0.815,0.352,0.5978,34.485,"config=epq_train_standard_reuse.json; coarse protocol fixed across methods; splits=train/full query/full; topk=1000; metric_topk=1000; rerank_depth=all; recon_sample=200000; peak_ram_gb=/usr/bin/time -v maxrss; index_size_mb=serialized bytes /(1024^2); log_stem=joint_gist1M_64b_epq_nlist4096_nprobe32_refine; coarse_kmeans=25x1; run_tag=joint_topk1000_fullsplits_serial_t12_host_cpuset1x3x5x7x9x11x13x15x17x19x21x23_epq_perfvalidated_refine_20260627; env=host=anonymous, cpu=Intel(R) Xeon(R) Gold 6448Y, cpuset=1,3,5,7,9,11,13,15,17,19,21,23, mems=0-1, faiss_target=faiss_avx2, simd=avx2, compiler=GNU-13.3.0; method_cfg=family=epq,total_bits=64,km=25x1,transform=on,transform_cfg=0/15x1,transform_rows=65536/16384,transform_proxy_bits=8,transform_exact=1,builder=fixed; refine=IndexRefineFlat k_factor=1.0"
2026-07-07T17:26:12Z,gist1M,960,1000000,1000,128,4096,4,1000,all,500000,12,cpp:IVF+EPQ payload=IndexEPQ,691.176145996,99.784999242,0.058491063,1513.655,0.427,3640.049,498.763,117.361,4977.765201567,42.076,99.784999242,99.784999242,0.088,0.146968461,0.146968461,6804.180932397462,0.171,0.37,0.424,0.427,0.1489390000000003,0.4502,44.5145,"config=epq_train_standard_reuse.json; coarse protocol fixed across methods; splits=train/full query/full; topk=1000; metric_topk=1000; rerank_depth=all; recon_sample=200000; peak_ram_gb=/usr/bin/time -v maxrss; index_size_mb=serialized bytes /(1024^2); log_stem=joint_gist1M_128b_epq_nlist4096_nprobe4; coarse_kmeans=25x1; run_tag=joint_topk1000_fullsplits_serial_t12_host_cpuset1x3x5x7x9x11x13x15x17x19x21x23_epq_qpsopt_norefreshstruct_20260707; env=host=anonymous, cpu=Intel(R) Xeon(R) Gold 6448Y, cpuset=1,3,5,7,9,11,13,15,17,19,21,23, mems=0-1, faiss_target=faiss_avx2, simd=avx2, compiler=GNU-13.3.0; method_cfg=family=epq,total_bits=128,km=25x1,transform=on,transform_cfg=0/15x1,transform_rows=65536/16384,transform_proxy_bits=8,transform_exact=1,builder=refined,grow+cryst+chain,proxy=16384/4096,km=8x1,proxy_bits=4"
2026-06-27T17:48:58Z,gist1M,960,1000000,1000,128,4096,4,1000,all,500000,12,cpp:IVF+EPQ payload=IndexEPQ,1396.51199,109.28789,0.058696,1513.655,0.427,0.000157,664.471193,20.899934,1396.51199,12.266,109.28789,109.288,0.210663,0.26936,0.269,3712.51,0.427,0.427,0.427,0.427,0.1491,0.4475,42.683,"config=epq_train_standard_reuse.json; coarse protocol fixed across methods; splits=train/full query/full; topk=1000; metric_topk=1000; rerank_depth=all; recon_sample=200000; peak_ram_gb=/usr/bin/time -v maxrss; index_size_mb=serialized bytes /(1024^2); log_stem=joint_gist1M_128b_epq_nlist4096_nprobe4_refine; coarse_kmeans=25x1; run_tag=joint_topk1000_fullsplits_serial_t12_host_cpuset1x3x5x7x9x11x13x15x17x19x21x23_epq_perfvalidated_refine_20260627; env=host=anonymous, cpu=Intel(R) Xeon(R) Gold 6448Y, cpuset=1,3,5,7,9,11,13,15,17,19,21,23, mems=0-1, faiss_target=faiss_avx2, simd=avx2, compiler=GNU-13.3.0; method_cfg=family=epq,total_bits=128,km=25x1,transform=on,transform_cfg=0/15x1,transform_rows=65536/16384,transform_proxy_bits=8,transform_exact=1,builder=fixed; refine=IndexRefineFlat k_factor=1.0"
2026-07-07T18:51:21Z,gist1M,960,1000000,1000,128,4096,8,1000,all,500000,12,cpp:IVF+EPQ payload=IndexEPQ,674.426822129,112.067656709,0.059429289,3069.006,0.596,0.000,510.014,117.028,1332.177683495,13.223,112.067656709,112.067656709,0.198,0.257449581,0.257449581,3884.2556904375,0.22,0.468,0.59,0.596,0.23533399999999988,0.4493,44.5145,"config=epq_train_standard_reuse.json; coarse protocol fixed across methods; splits=train/full query/full; topk=1000; metric_topk=1000; rerank_depth=all; recon_sample=200000; peak_ram_gb=/usr/bin/time -v maxrss; index_size_mb=serialized bytes /(1024^2); log_stem=joint_gist1M_128b_epq_nlist4096_nprobe8; coarse_kmeans=25x1; run_tag=joint_topk1000_fullsplits_serial_t12_host_cpuset1x3x5x7x9x11x13x15x17x19x21x23_epq_qpsopt_norefreshstruct_20260707; env=host=anonymous, cpu=Intel(R) Xeon(R) Gold 6448Y, cpuset=1,3,5,7,9,11,13,15,17,19,21,23, mems=0-1, faiss_target=faiss_avx2, simd=avx2, compiler=GNU-13.3.0; method_cfg=family=epq,total_bits=128,km=25x1,transform=on,transform_cfg=0/15x1,transform_rows=65536/16384,transform_proxy_bits=8,transform_exact=1,builder=fixed"
2026-06-27T18:14:36Z,gist1M,960,1000000,1000,128,4096,8,1000,all,500000,12,cpp:IVF+EPQ payload=IndexEPQ,1407.660112,110.40727,0.059228,3069.006,0.596,0.000162,671.557583,21.582466,1407.660112,12.265,110.40727,110.407,0.284714,0.343942,0.344,2907.47,0.596,0.596,0.596,0.596,0.2355,0.4475,42.683,"config=epq_train_standard_reuse.json; coarse protocol fixed across methods; splits=train/full query/full; topk=1000; metric_topk=1000; rerank_depth=all; recon_sample=200000; peak_ram_gb=/usr/bin/time -v maxrss; index_size_mb=serialized bytes /(1024^2); log_stem=joint_gist1M_128b_epq_nlist4096_nprobe8_refine; coarse_kmeans=25x1; run_tag=joint_topk1000_fullsplits_serial_t12_host_cpuset1x3x5x7x9x11x13x15x17x19x21x23_epq_perfvalidated_refine_20260627; env=host=anonymous, cpu=Intel(R) Xeon(R) Gold 6448Y, cpuset=1,3,5,7,9,11,13,15,17,19,21,23, mems=0-1, faiss_target=faiss_avx2, simd=avx2, compiler=GNU-13.3.0; method_cfg=family=epq,total_bits=128,km=25x1,transform=on,transform_cfg=0/15x1,transform_rows=65536/16384,transform_proxy_bits=8,transform_exact=1,builder=fixed; refine=IndexRefineFlat k_factor=1.0"
2026-07-07T19:15:56Z,gist1M,960,1000000,1000,128,4096,16,1000,all,500000,12,cpp:IVF+EPQ payload=IndexEPQ,678.776696181,112.624618953,0.059939345,6174.418,0.717,0.000,782.820,117.569,1609.711929908,13.223,112.624618953,112.624618953,0.394,0.454103534,0.454103534,2202.1409769517454,0.238,0.54,0.702,0.717,0.3337549999999996,0.4468,44.5145,"config=epq_train_standard_reuse.json; coarse protocol fixed across methods; splits=train/full query/full; topk=1000; metric_topk=1000; rerank_depth=all; recon_sample=200000; peak_ram_gb=/usr/bin/time -v maxrss; index_size_mb=serialized bytes /(1024^2); log_stem=joint_gist1M_128b_epq_nlist4096_nprobe16; coarse_kmeans=25x1; run_tag=joint_topk1000_fullsplits_serial_t12_host_cpuset1x3x5x7x9x11x13x15x17x19x21x23_epq_qpsopt_norefreshstruct_20260707; env=host=anonymous, cpu=Intel(R) Xeon(R) Gold 6448Y, cpuset=1,3,5,7,9,11,13,15,17,19,21,23, mems=0-1, faiss_target=faiss_avx2, simd=avx2, compiler=GNU-13.3.0; method_cfg=family=epq,total_bits=128,km=25x1,transform=on,transform_cfg=0/15x1,transform_rows=65536/16384,transform_proxy_bits=8,transform_exact=1,builder=fixed"
2026-06-27T18:40:26Z,gist1M,960,1000000,1000,128,4096,16,1000,all,500000,12,cpp:IVF+EPQ payload=IndexEPQ,1398.2731,108.783205,0.059467,6174.418,0.717,0.000159,665.245892,21.160644,1398.2731,12.269,108.783205,108.783,0.409355,0.468822,0.469,2133.004,0.717,0.717,0.717,0.717,0.3343,0.4475,42.683,"config=epq_train_standard_reuse.json; coarse protocol fixed across methods; splits=train/full query/full; topk=1000; metric_topk=1000; rerank_depth=all; recon_sample=200000; peak_ram_gb=/usr/bin/time -v maxrss; index_size_mb=serialized bytes /(1024^2); log_stem=joint_gist1M_128b_epq_nlist4096_nprobe16_refine; coarse_kmeans=25x1; run_tag=joint_topk1000_fullsplits_serial_t12_host_cpuset1x3x5x7x9x11x13x15x17x19x21x23_epq_perfvalidated_refine_20260627; env=host=anonymous, cpu=Intel(R) Xeon(R) Gold 6448Y, cpuset=1,3,5,7,9,11,13,15,17,19,21,23, mems=0-1, faiss_target=faiss_avx2, simd=avx2, compiler=GNU-13.3.0; method_cfg=family=epq,total_bits=128,km=25x1,transform=on,transform_cfg=0/15x1,transform_rows=65536/16384,transform_proxy_bits=8,transform_exact=1,builder=fixed; refine=IndexRefineFlat k_factor=1.0"
2026-07-07T19:45:09Z,gist1M,960,1000000,1000,128,4096,32,1000,all,500000,12,cpp:IVF+EPQ payload=IndexEPQ,672.820786126,112.275372764,0.06003031,12404.669,0.816,0.000,473.233,117.116,1293.827972949,13.225,112.275372764,112.275372764,0.795,0.854576205,0.854576205,1170.1706578642686,0.224,0.563,0.792,0.816,0.41908400000000023,0.4485,44.5145,"config=epq_train_standard_reuse.json; coarse protocol fixed across methods; splits=train/full query/full; topk=1000; metric_topk=1000; rerank_depth=all; recon_sample=200000; peak_ram_gb=/usr/bin/time -v maxrss; index_size_mb=serialized bytes /(1024^2); log_stem=joint_gist1M_128b_epq_nlist4096_nprobe32; coarse_kmeans=25x1; run_tag=joint_topk1000_fullsplits_serial_t12_host_cpuset1x3x5x7x9x11x13x15x17x19x21x23_epq_qpsopt_norefreshstruct_20260707; env=host=anonymous, cpu=Intel(R) Xeon(R) Gold 6448Y, cpuset=1,3,5,7,9,11,13,15,17,19,21,23, mems=0-1, faiss_target=faiss_avx2, simd=avx2, compiler=GNU-13.3.0; method_cfg=family=epq,total_bits=128,km=25x1,transform=on,transform_cfg=0/15x1,transform_rows=65536/16384,transform_proxy_bits=8,transform_exact=1,builder=fixed"
2026-06-27T19:06:05Z,gist1M,960,1000000,1000,128,4096,32,1000,all,500000,12,cpp:IVF+EPQ payload=IndexEPQ,1402.169401,109.026504,0.05973,12404.669,0.816,0.000159,666.786911,21.368049,1402.169401,12.265,109.026504,109.027,0.661659,0.721389,0.721,1386.216,0.816,0.816,0.816,0.816,0.4199,0.4475,42.683,"config=epq_train_standard_reuse.json; coarse protocol fixed across methods; splits=train/full query/full; topk=1000; metric_topk=1000; rerank_depth=all; recon_sample=200000; peak_ram_gb=/usr/bin/time -v maxrss; index_size_mb=serialized bytes /(1024^2); log_stem=joint_gist1M_128b_epq_nlist4096_nprobe32_refine; coarse_kmeans=25x1; run_tag=joint_topk1000_fullsplits_serial_t12_host_cpuset1x3x5x7x9x11x13x15x17x19x21x23_epq_perfvalidated_refine_20260627; env=host=anonymous, cpu=Intel(R) Xeon(R) Gold 6448Y, cpuset=1,3,5,7,9,11,13,15,17,19,21,23, mems=0-1, faiss_target=faiss_avx2, simd=avx2, compiler=GNU-13.3.0; method_cfg=family=epq,total_bits=128,km=25x1,transform=on,transform_cfg=0/15x1,transform_rows=65536/16384,transform_proxy_bits=8,transform_exact=1,builder=fixed; refine=IndexRefineFlat k_factor=1.0"
2026-07-07T20:09:05Z,deep10M,96,10000000,10000,64,16384,16,1000,all,200000,12,cpp:IVF+EPQ payload=IndexEPQ,125.374855794,432.921881385,0.30086817,15049.1926,0.8737,867.068,132.717,75.754,1206.583342531,13.206,432.921881385,43.2921881385,0.745,1.04608164,0.10460816399999999,9559.483330574467,0.227,0.5798,0.8314,0.8734,0.448473199999999,0.1683,160.2988,"config=epq_train_standard_reuse.json; coarse protocol fixed across methods; splits=train/full query/full; topk=1000; metric_topk=1000; rerank_depth=all; recon_sample=200000; peak_ram_gb=/usr/bin/time -v maxrss; index_size_mb=serialized bytes /(1024^2); log_stem=joint_deep10M_64b_epq_nlist16384_nprobe16; coarse_kmeans=25x1; run_tag=joint_topk1000_fullsplits_serial_t12_host_cpuset1x3x5x7x9x11x13x15x17x19x21x23_epq_qpsopt_norefreshstruct_20260707; env=host=anonymous, cpu=Intel(R) Xeon(R) Gold 6448Y, cpuset=1,3,5,7,9,11,13,15,17,19,21,23, mems=0-1, faiss_target=faiss_avx2, simd=avx2, compiler=GNU-13.3.0; method_cfg=family=epq,total_bits=64,km=25x1,transform=on,transform_cfg=0/15x1,transform_rows=65536/16384,transform_proxy_bits=8,transform_exact=1,builder=refined,grow+cryst+chain,proxy=16384/4096,km=8x1,proxy_bits=4"
2026-06-27T19:31:46Z,deep10M,96,10000000,10000,64,16384,16,1000,all,200000,12,cpp:IVF+EPQ payload=IndexEPQ,184.96924,319.607887,0.298733,15049.1926,0.8737,0.000038,38.890343,15.672148,184.96924,5.489,319.607887,31.961,1.295398,1.594132,0.159,6273.008,0.8732,0.8732,0.8732,0.8732,0.4375,0.1714,159.272,"config=epq_train_standard_reuse.json; coarse protocol fixed across methods; splits=train/full query/full; topk=1000; metric_topk=1000; rerank_depth=all; recon_sample=200000; peak_ram_gb=/usr/bin/time -v maxrss; index_size_mb=serialized bytes /(1024^2); log_stem=joint_deep10M_64b_epq_nlist16384_nprobe16_refine; coarse_kmeans=25x1; run_tag=joint_topk1000_fullsplits_serial_t12_host_cpuset1x3x5x7x9x11x13x15x17x19x21x23_epq_perfvalidated_refine_20260627; env=host=anonymous, cpu=Intel(R) Xeon(R) Gold 6448Y, cpuset=1,3,5,7,9,11,13,15,17,19,21,23, mems=0-1, faiss_target=faiss_avx2, simd=avx2, compiler=GNU-13.3.0; method_cfg=family=epq,total_bits=64,km=25x1,transform=on,transform_cfg=0/15x1,transform_rows=65536/16384,transform_proxy_bits=8,transform_exact=1,builder=fixed; refine=IndexRefineFlat k_factor=1.0"
2026-07-07T20:36:29Z,deep10M,96,10000000,10000,64,16384,32,1000,all,200000,12,cpp:IVF+EPQ payload=IndexEPQ,119.809933406,432.160733773,0.307203274,28990.6065,0.9368,0.000,126.924,74.851,327.248898996,1.084,432.160733773,43.2160733773,1.506,1.813214672,0.1813214672,5515.066778590462,0.2326,0.5918,0.8809,0.9356,0.4814591999999996,0.1684,160.2988,"config=epq_train_standard_reuse.json; coarse protocol fixed across methods; splits=train/full query/full; topk=1000; metric_topk=1000; rerank_depth=all; recon_sample=200000; peak_ram_gb=/usr/bin/time -v maxrss; index_size_mb=serialized bytes /(1024^2); log_stem=joint_deep10M_64b_epq_nlist16384_nprobe32; coarse_kmeans=25x1; run_tag=joint_topk1000_fullsplits_serial_t12_host_cpuset1x3x5x7x9x11x13x15x17x19x21x23_epq_qpsopt_norefreshstruct_20260707; env=host=anonymous, cpu=Intel(R) Xeon(R) Gold 6448Y, cpuset=1,3,5,7,9,11,13,15,17,19,21,23, mems=0-1, faiss_target=faiss_avx2, simd=avx2, compiler=GNU-13.3.0; method_cfg=family=epq,total_bits=64,km=25x1,transform=on,transform_cfg=0/15x1,transform_rows=65536/16384,transform_proxy_bits=8,transform_exact=1,builder=fixed"
2026-06-27T19:40:16Z,deep10M,96,10000000,10000,64,16384,32,1000,all,200000,12,cpp:IVF+EPQ payload=IndexEPQ,184.763414,320.675972,0.30291,28990.6065,0.9368,0.000038,38.874364,15.754192,184.763414,5.49,320.675972,32.068,2.243858,2.546768,0.255,3926.545,0.9359,0.9359,0.9359,0.9359,0.4687,0.1714,159.272,"config=epq_train_standard_reuse.json; coarse protocol fixed across methods; splits=train/full query/full; topk=1000; metric_topk=1000; rerank_depth=all; recon_sample=200000; peak_ram_gb=/usr/bin/time -v maxrss; index_size_mb=serialized bytes /(1024^2); log_stem=joint_deep10M_64b_epq_nlist16384_nprobe32_refine; coarse_kmeans=25x1; run_tag=joint_topk1000_fullsplits_serial_t12_host_cpuset1x3x5x7x9x11x13x15x17x19x21x23_epq_perfvalidated_refine_20260627; env=host=anonymous, cpu=Intel(R) Xeon(R) Gold 6448Y, cpuset=1,3,5,7,9,11,13,15,17,19,21,23, mems=0-1, faiss_target=faiss_avx2, simd=avx2, compiler=GNU-13.3.0; method_cfg=family=epq,total_bits=64,km=25x1,transform=on,transform_cfg=0/15x1,transform_rows=65536/16384,transform_proxy_bits=8,transform_exact=1,builder=fixed; refine=IndexRefineFlat k_factor=1.0"
2026-07-07T20:49:13Z,deep10M,96,10000000,10000,64,16384,64,1000,all,200000,12,cpp:IVF+EPQ payload=IndexEPQ,119.221287836,431.635794486,0.304785792,55501.2815,0.9742,0.000,126.452,75.431,326.77046458,1.088,431.635794486,43.1635794486,3.122,3.426658417,0.3426658417,2918.294963509927,0.2337,0.6015,0.9087,0.9727,0.49939169999999833,0.1681,160.2988,"config=epq_train_standard_reuse.json; coarse protocol fixed across methods; splits=train/full query/full; topk=1000; metric_topk=1000; rerank_depth=all; recon_sample=200000; peak_ram_gb=/usr/bin/time -v maxrss; index_size_mb=serialized bytes /(1024^2); log_stem=joint_deep10M_64b_epq_nlist16384_nprobe64; coarse_kmeans=25x1; run_tag=joint_topk1000_fullsplits_serial_t12_host_cpuset1x3x5x7x9x11x13x15x17x19x21x23_epq_qpsopt_norefreshstruct_20260707; env=host=anonymous, cpu=Intel(R) Xeon(R) Gold 6448Y, cpuset=1,3,5,7,9,11,13,15,17,19,21,23, mems=0-1, faiss_target=faiss_avx2, simd=avx2, compiler=GNU-13.3.0; method_cfg=family=epq,total_bits=64,km=25x1,transform=on,transform_cfg=0/15x1,transform_rows=65536/16384,transform_proxy_bits=8,transform_exact=1,builder=fixed"
2026-06-27T19:48:49Z,deep10M,96,10000000,10000,64,16384,64,1000,all,200000,12,cpp:IVF+EPQ payload=IndexEPQ,184.730965,320.542651,0.316379,55501.2815,0.9742,0.000039,38.948773,15.633624,184.730965,5.49,320.542651,32.054,4.08693,4.403309,0.44,2271.019,0.9726,0.9726,0.9726,0.9726,0.4848,0.1714,159.272,"config=epq_train_standard_reuse.json; coarse protocol fixed across methods; splits=train/full query/full; topk=1000; metric_topk=1000; rerank_depth=all; recon_sample=200000; peak_ram_gb=/usr/bin/time -v maxrss; index_size_mb=serialized bytes /(1024^2); log_stem=joint_deep10M_64b_epq_nlist16384_nprobe64_refine; coarse_kmeans=25x1; run_tag=joint_topk1000_fullsplits_serial_t12_host_cpuset1x3x5x7x9x11x13x15x17x19x21x23_epq_perfvalidated_refine_20260627; env=host=anonymous, cpu=Intel(R) Xeon(R) Gold 6448Y, cpuset=1,3,5,7,9,11,13,15,17,19,21,23, mems=0-1, faiss_target=faiss_avx2, simd=avx2, compiler=GNU-13.3.0; method_cfg=family=epq,total_bits=64,km=25x1,transform=on,transform_cfg=0/15x1,transform_rows=65536/16384,transform_proxy_bits=8,transform_exact=1,builder=fixed; refine=IndexRefineFlat k_factor=1.0"
2026-07-07T21:01:57Z,deep10M,96,10000000,10000,64,16384,128,1000,all,200000,12,cpp:IVF+EPQ payload=IndexEPQ,119.399231549,422.210986186,0.343067176,105334.6878,0.9907,0.000,104.000,70.324,299.406294396,1.141,422.210986186,42.221098618599996,5.780,6.123114226,0.6123114226,1633.1558796564577,0.2349,0.602,0.9094,0.9871,0.5062810000000003,0.1687,160.2988,"config=epq_train_standard_reuse.json; coarse protocol fixed across methods; splits=train/full query/full; topk=1000; metric_topk=1000; rerank_depth=all; recon_sample=200000; peak_ram_gb=/usr/bin/time -v maxrss; index_size_mb=serialized bytes /(1024^2); log_stem=joint_deep10M_64b_epq_nlist16384_nprobe128; coarse_kmeans=25x1; run_tag=joint_topk1000_fullsplits_serial_t12_host_cpuset1x3x5x7x9x11x13x15x17x19x21x23_epq_qpsopt_norefreshstruct_20260707; env=host=anonymous, cpu=Intel(R) Xeon(R) Gold 6448Y, cpuset=1,3,5,7,9,11,13,15,17,19,21,23, mems=0-1, faiss_target=faiss_avx2, simd=avx2, compiler=GNU-13.3.0; method_cfg=family=epq,total_bits=64,km=25x1,transform=on,transform_cfg=0/15x1,transform_rows=65536/16384,transform_proxy_bits=8,transform_exact=1,builder=fixed"
2026-06-27T19:57:26Z,deep10M,96,10000000,10000,64,16384,128,1000,all,200000,12,cpp:IVF+EPQ payload=IndexEPQ,181.911915,323.065758,0.342434,105334.6878,0.9907,0.000038,38.796945,12.895764,181.911915,5.492,323.065758,32.307,7.446954,7.789388,0.779,1283.798,0.9879,0.9879,0.9879,0.9879,0.4919,0.1714,159.272,"config=epq_train_standard_reuse.json; coarse protocol fixed across methods; splits=train/full query/full; topk=1000; metric_topk=1000; rerank_depth=all; recon_sample=200000; peak_ram_gb=/usr/bin/time -v maxrss; index_size_mb=serialized bytes /(1024^2); log_stem=joint_deep10M_64b_epq_nlist16384_nprobe128_refine; coarse_kmeans=25x1; run_tag=joint_topk1000_fullsplits_serial_t12_host_cpuset1x3x5x7x9x11x13x15x17x19x21x23_epq_perfvalidated_refine_20260627; env=host=anonymous, cpu=Intel(R) Xeon(R) Gold 6448Y, cpuset=1,3,5,7,9,11,13,15,17,19,21,23, mems=0-1, faiss_target=faiss_avx2, simd=avx2, compiler=GNU-13.3.0; method_cfg=family=epq,total_bits=64,km=25x1,transform=on,transform_cfg=0/15x1,transform_rows=65536/16384,transform_proxy_bits=8,transform_exact=1,builder=fixed; refine=IndexRefineFlat k_factor=1.0"
2026-07-07T21:14:08Z,deep10M,96,10000000,10000,128,16384,16,1000,all,200000,12,cpp:IVF+EPQ payload=IndexEPQ,124.100956472,303.405280376,0.298994618,15049.1926,0.8737,254.902,43.262,6.496,434.58072328,5.381,303.405280376,30.3405280376,0.982,1.281039284,0.12810392839999998,7806.161860060492,0.4129,0.8019,0.8722,0.8737,0.5473937999999995,0.0793,236.4637,"config=epq_train_standard_reuse.json; coarse protocol fixed across methods; splits=train/full query/full; topk=1000; metric_topk=1000; rerank_depth=all; recon_sample=200000; peak_ram_gb=/usr/bin/time -v maxrss; index_size_mb=serialized bytes /(1024^2); log_stem=joint_deep10M_128b_epq_nlist16384_nprobe16; coarse_kmeans=25x1; run_tag=joint_topk1000_fullsplits_serial_t12_host_cpuset1x3x5x7x9x11x13x15x17x19x21x23_epq_qpsopt_norefreshstruct_20260707; env=host=anonymous, cpu=Intel(R) Xeon(R) Gold 6448Y, cpuset=1,3,5,7,9,11,13,15,17,19,21,23, mems=0-1, faiss_target=faiss_avx2, simd=avx2, compiler=GNU-13.3.0; method_cfg=family=epq,total_bits=128,km=25x1,transform=on,transform_cfg=0/15x1,transform_rows=65536/16384,transform_proxy_bits=8,transform_exact=1,builder=refined,grow+cryst+chain,proxy=16384/4096,km=8x1,proxy_bits=4"
2026-06-27T20:06:09Z,deep10M,96,10000000,10000,128,16384,16,1000,all,200000,12,cpp:IVF+EPQ payload=IndexEPQ,183.847224,308.27409,0.293444,15049.1926,0.8737,0.000039,47.593698,7.272364,183.847224,6.168,308.27409,30.827,1.926901,2.220345,0.222,4503.805,0.8737,0.8737,0.8737,0.8737,0.5457,0.0798,236.583,"config=epq_train_standard_reuse.json; coarse protocol fixed across methods; splits=train/full query/full; topk=1000; metric_topk=1000; rerank_depth=all; recon_sample=200000; peak_ram_gb=/usr/bin/time -v maxrss; index_size_mb=serialized bytes /(1024^2); log_stem=joint_deep10M_128b_epq_nlist16384_nprobe16_refine; coarse_kmeans=25x1; run_tag=joint_topk1000_fullsplits_serial_t12_host_cpuset1x3x5x7x9x11x13x15x17x19x21x23_epq_perfvalidated_refine_20260627; env=host=anonymous, cpu=Intel(R) Xeon(R) Gold 6448Y, cpuset=1,3,5,7,9,11,13,15,17,19,21,23, mems=0-1, faiss_target=faiss_avx2, simd=avx2, compiler=GNU-13.3.0; method_cfg=family=epq,total_bits=128,km=25x1,transform=on,transform_cfg=0/15x1,transform_rows=65536/16384,transform_proxy_bits=8,transform_exact=1,builder=fixed; refine=IndexRefineFlat k_factor=1.0"
2026-07-07T21:26:30Z,deep10M,96,10000000,10000,128,16384,32,1000,all,200000,12,cpp:IVF+EPQ payload=IndexEPQ,125.854266219,305.058983677,0.308485328,28990.6065,0.9368,0.000,28.717,6.739,166.896554129,1.484,305.058983677,30.5058983677,1.815,2.123677469,0.2123677469,4708.812965232811,0.4215,0.8459,0.9358,0.9368,0.6119826000000029,0.0797,236.4637,"config=epq_train_standard_reuse.json; coarse protocol fixed across methods; splits=train/full query/full; topk=1000; metric_topk=1000; rerank_depth=all; recon_sample=200000; peak_ram_gb=/usr/bin/time -v maxrss; index_size_mb=serialized bytes /(1024^2); log_stem=joint_deep10M_128b_epq_nlist16384_nprobe32; coarse_kmeans=25x1; run_tag=joint_topk1000_fullsplits_serial_t12_host_cpuset1x3x5x7x9x11x13x15x17x19x21x23_epq_qpsopt_norefreshstruct_20260707; env=host=anonymous, cpu=Intel(R) Xeon(R) Gold 6448Y, cpuset=1,3,5,7,9,11,13,15,17,19,21,23, mems=0-1, faiss_target=faiss_avx2, simd=avx2, compiler=GNU-13.3.0; method_cfg=family=epq,total_bits=128,km=25x1,transform=on,transform_cfg=0/15x1,transform_rows=65536/16384,transform_proxy_bits=8,transform_exact=1,builder=fixed"
2026-06-27T20:14:28Z,deep10M,96,10000000,10000,128,16384,32,1000,all,200000,12,cpp:IVF+EPQ payload=IndexEPQ,185.065863,301.268352,0.307453,28990.6065,0.9368,0.000038,47.56831,7.266283,185.065863,6.167,301.268352,30.127,3.322072,3.629525,0.363,2755.182,0.9368,0.9368,0.9368,0.9368,0.6102,0.0798,236.583,"config=epq_train_standard_reuse.json; coarse protocol fixed across methods; splits=train/full query/full; topk=1000; metric_topk=1000; rerank_depth=all; recon_sample=200000; peak_ram_gb=/usr/bin/time -v maxrss; index_size_mb=serialized bytes /(1024^2); log_stem=joint_deep10M_128b_epq_nlist16384_nprobe32_refine; coarse_kmeans=25x1; run_tag=joint_topk1000_fullsplits_serial_t12_host_cpuset1x3x5x7x9x11x13x15x17x19x21x23_epq_perfvalidated_refine_20260627; env=host=anonymous, cpu=Intel(R) Xeon(R) Gold 6448Y, cpuset=1,3,5,7,9,11,13,15,17,19,21,23, mems=0-1, faiss_target=faiss_avx2, simd=avx2, compiler=GNU-13.3.0; method_cfg=family=epq,total_bits=128,km=25x1,transform=on,transform_cfg=0/15x1,transform_rows=65536/16384,transform_proxy_bits=8,transform_exact=1,builder=fixed; refine=IndexRefineFlat k_factor=1.0"
2026-07-07T21:34:26Z,deep10M,96,10000000,10000,128,16384,64,1000,all,200000,12,cpp:IVF+EPQ payload=IndexEPQ,125.046649845,304.017443634,0.321707044,55501.2815,0.9742,0.000,30.895,6.739,168.268784644,1.491,304.017443634,30.4017443634,3.473,3.794577436,0.37945774359999995,2635.3395519426685,0.4228,0.8736,0.9722,0.9742,0.6509052999999975,0.0796,236.4637,"config=epq_train_standard_reuse.json; coarse protocol fixed across methods; splits=train/full query/full; topk=1000; metric_topk=1000; rerank_depth=all; recon_sample=200000; peak_ram_gb=/usr/bin/time -v maxrss; index_size_mb=serialized bytes /(1024^2); log_stem=joint_deep10M_128b_epq_nlist16384_nprobe64; coarse_kmeans=25x1; run_tag=joint_topk1000_fullsplits_serial_t12_host_cpuset1x3x5x7x9x11x13x15x17x19x21x23_epq_qpsopt_norefreshstruct_20260707; env=host=anonymous, cpu=Intel(R) Xeon(R) Gold 6448Y, cpuset=1,3,5,7,9,11,13,15,17,19,21,23, mems=0-1, faiss_target=faiss_avx2, simd=avx2, compiler=GNU-13.3.0; method_cfg=family=epq,total_bits=128,km=25x1,transform=on,transform_cfg=0/15x1,transform_rows=65536/16384,transform_proxy_bits=8,transform_exact=1,builder=fixed"
2026-06-27T20:22:45Z,deep10M,96,10000000,10000,128,16384,64,1000,all,200000,12,cpp:IVF+EPQ payload=IndexEPQ,185.090485,311.428681,0.320597,55501.2815,0.9742,0.000041,47.648685,7.27276,185.090485,6.168,311.428681,31.143,6.251618,6.572215,0.657,1521.557,0.9742,0.9742,0.9742,0.9742,0.6482,0.0798,236.583,"config=epq_train_standard_reuse.json; coarse protocol fixed across methods; splits=train/full query/full; topk=1000; metric_topk=1000; rerank_depth=all; recon_sample=200000; peak_ram_gb=/usr/bin/time -v maxrss; index_size_mb=serialized bytes /(1024^2); log_stem=joint_deep10M_128b_epq_nlist16384_nprobe64_refine; coarse_kmeans=25x1; run_tag=joint_topk1000_fullsplits_serial_t12_host_cpuset1x3x5x7x9x11x13x15x17x19x21x23_epq_perfvalidated_refine_20260627; env=host=anonymous, cpu=Intel(R) Xeon(R) Gold 6448Y, cpuset=1,3,5,7,9,11,13,15,17,19,21,23, mems=0-1, faiss_target=faiss_avx2, simd=avx2, compiler=GNU-13.3.0; method_cfg=family=epq,total_bits=128,km=25x1,transform=on,transform_cfg=0/15x1,transform_rows=65536/16384,transform_proxy_bits=8,transform_exact=1,builder=fixed; refine=IndexRefineFlat k_factor=1.0"
2026-07-07T21:42:25Z,deep10M,96,10000000,10000,128,16384,128,1000,all,200000,12,cpp:IVF+EPQ payload=IndexEPQ,124.909797904,296.59536149,0.347822696,105334.6878,0.9907,0.000,38.461,6.719,175.578953392,1.541,296.59536149,29.659536149,6.921,7.268783115,0.7268783114999999,1375.7460969448666,0.4354,0.8821,0.9884,0.9907,0.6709230999999996,0.0794,236.4637,"config=epq_train_standard_reuse.json; coarse protocol fixed across methods; splits=train/full query/full; topk=1000; metric_topk=1000; rerank_depth=all; recon_sample=200000; peak_ram_gb=/usr/bin/time -v maxrss; index_size_mb=serialized bytes /(1024^2); log_stem=joint_deep10M_128b_epq_nlist16384_nprobe128; coarse_kmeans=25x1; run_tag=joint_topk1000_fullsplits_serial_t12_host_cpuset1x3x5x7x9x11x13x15x17x19x21x23_epq_qpsopt_norefreshstruct_20260707; env=host=anonymous, cpu=Intel(R) Xeon(R) Gold 6448Y, cpuset=1,3,5,7,9,11,13,15,17,19,21,23, mems=0-1, faiss_target=faiss_avx2, simd=avx2, compiler=GNU-13.3.0; method_cfg=family=epq,total_bits=128,km=25x1,transform=on,transform_cfg=0/15x1,transform_rows=65536/16384,transform_proxy_bits=8,transform_exact=1,builder=fixed"
2026-06-27T20:31:17Z,deep10M,96,10000000,10000,128,16384,128,1000,all,200000,12,cpp:IVF+EPQ payload=IndexEPQ,184.441424,301.378341,0.340272,105334.6878,0.9907,0.000041,47.62147,7.264117,184.441424,6.169,301.378341,30.138,11.027886,11.368158,1.137,879.65,0.9907,0.9907,0.9907,0.9907,0.6676,0.0798,236.583,"config=epq_train_standard_reuse.json; coarse protocol fixed across methods; splits=train/full query/full; topk=1000; metric_topk=1000; rerank_depth=all; recon_sample=200000; peak_ram_gb=/usr/bin/time -v maxrss; index_size_mb=serialized bytes /(1024^2); log_stem=joint_deep10M_128b_epq_nlist16384_nprobe128_refine; coarse_kmeans=25x1; run_tag=joint_topk1000_fullsplits_serial_t12_host_cpuset1x3x5x7x9x11x13x15x17x19x21x23_epq_perfvalidated_refine_20260627; env=host=anonymous, cpu=Intel(R) Xeon(R) Gold 6448Y, cpuset=1,3,5,7,9,11,13,15,17,19,21,23, mems=0-1, faiss_target=faiss_avx2, simd=avx2, compiler=GNU-13.3.0; method_cfg=family=epq,total_bits=128,km=25x1,transform=on,transform_cfg=0/15x1,transform_rows=65536/16384,transform_proxy_bits=8,transform_exact=1,builder=fixed; refine=IndexRefineFlat k_factor=1.0"
