timestamp,dataset,d,nb,nq,budget_b,nlist,nprobe,topk,rerank_depth,train_rows,threads,impl_backend,coarse_train_s,coarse_add_s,coarse_assign_s,avg_candidates_per_q,candidate_hit_rate,structure_s,prep_s,codebook_s,train_total_s,peak_ram_gb,add_encode_s,encode_us_per_vec,rerank_total_s,search_total_s,search_ms_per_q,qps,recall_1,recall_10,recall_100,recall_1000,overlap_1000,J,index_size_mb,notes
2026-06-24T12:24:33Z,sift1M,128,1000000,10000,192,4096,4,1000,all,100000,12,faiss:IVF+RaBitQ payload=IndexRaBitQ nb_bits=1,21.421773,8.663116,0.100683,1324.4313,0.6893,0,0,0.853882,22.275665,0.476,8.663116,8.663,0.075066,0.175749,0.018,56899.297,0.2892,0.5972,0.6873,0.6893,0.2724,58377.0508,32.549,"config=epq_train_refined.json; coarse protocol fixed across methods; splits=train/full query/full; topk=1000; metric_topk=1000; rerank_depth=all; recon_sample=200000; peak_ram_gb=/usr/bin/time -v maxrss; index_size_mb=serialized bytes /(1024^2); log_stem=joint_sift1M_128b_rabitq_nlist4096_nprobe4; coarse_kmeans=25x1; run_tag=joint_topk1000_fullsplits_serial_t12_host_cpuset1x3x5x7x9x11x13x15x17x19x21x23_norefine_20260624; env=host=anonymous, cpu=Intel(R) Xeon(R) Gold 6448Y, cpuset=1,3,5,7,9,11,13,15,17,19,21,23, mems=0-1, faiss_target=faiss_avx2, simd=avx2, compiler=GNU-13.3.0; method_cfg=family=rabitq,nb_bits=1,nominal_budget_bits=128,effective_budget_bits=192; RaBitQ nominal budget labels follow the shared 64/128-bit benchmark convention; actual footprint is captured by index_size_mb"
2026-06-24T12:22:23Z,sift1M,128,1000000,10000,192,4096,4,1000,all,100000,12,faiss:IVF+RaBitQ payload=IndexRaBitQ nb_bits=1,20.772938,8.919051,0.100914,1324.4313,0.6893,0,0,0.878307,21.651247,0.476,8.919051,8.919,0.073961,0.174875,0.017,57183.596,0.2892,0.5972,0.6873,0.6893,0.2724,58377.0508,32.549,"config=epq_train_refined.json; coarse protocol fixed across methods; splits=train/full query/full; topk=1000; metric_topk=1000; rerank_depth=all; recon_sample=200000; peak_ram_gb=/usr/bin/time -v maxrss; index_size_mb=serialized bytes /(1024^2); log_stem=joint_sift1M_64b_rabitq_nlist4096_nprobe4; coarse_kmeans=25x1; run_tag=joint_topk1000_fullsplits_serial_t12_host_cpuset1x3x5x7x9x11x13x15x17x19x21x23_norefine_20260624; env=host=anonymous, cpu=Intel(R) Xeon(R) Gold 6448Y, cpuset=1,3,5,7,9,11,13,15,17,19,21,23, mems=0-1, faiss_target=faiss_avx2, simd=avx2, compiler=GNU-13.3.0; method_cfg=family=rabitq,nb_bits=1,nominal_budget_bits=64,effective_budget_bits=192; RaBitQ nominal budget labels follow the shared 64/128-bit benchmark convention; actual footprint is captured by index_size_mb"
2026-06-25T00:04:01Z,sift1M,128,1000000,10000,192,4096,4,1000,all,100000,12,faiss:IVF+RaBitQ payload=IndexRaBitQ nb_bits=1,20.851836,9.704139,0.100562,1324.4313,0.6893,0,0,0.883707,21.735544,1.185,9.704139,9.704,0.415068,0.515631,0.052,19393.717,0.6893,0.6893,0.6893,0.6893,0.2724,58377.0508,32.549,"config=epq_train_refined.json; coarse protocol fixed across methods; splits=train/full query/full; topk=1000; metric_topk=1000; rerank_depth=all; recon_sample=200000; peak_ram_gb=/usr/bin/time -v maxrss; index_size_mb=serialized bytes /(1024^2); log_stem=joint_sift1M_128b_rabitq_nlist4096_nprobe4_refine; coarse_kmeans=25x1; run_tag=joint_topk1000_fullsplits_serial_t12_host_cpuset1x3x5x7x9x11x13x15x17x19x21x23_refine_20260624; env=host=anonymous, cpu=Intel(R) Xeon(R) Gold 6448Y, cpuset=1,3,5,7,9,11,13,15,17,19,21,23, mems=0-1, faiss_target=faiss_avx2, simd=avx2, compiler=GNU-13.3.0; method_cfg=family=rabitq,nb_bits=1,nominal_budget_bits=128,effective_budget_bits=192; refine=IndexRefineFlat k_factor=1.0; RaBitQ nominal budget labels follow the shared 64/128-bit benchmark convention; actual footprint is captured by index_size_mb"
2026-06-25T00:01:44Z,sift1M,128,1000000,10000,192,4096,4,1000,all,100000,12,faiss:IVF+RaBitQ payload=IndexRaBitQ nb_bits=1,20.868629,9.437196,0.101191,1324.4313,0.6893,0,0,0.8552,21.72383,1.185,9.437196,9.437,0.414355,0.515546,0.052,19396.896,0.6893,0.6893,0.6893,0.6893,0.2724,58377.0508,32.549,"config=epq_train_refined.json; coarse protocol fixed across methods; splits=train/full query/full; topk=1000; metric_topk=1000; rerank_depth=all; recon_sample=200000; peak_ram_gb=/usr/bin/time -v maxrss; index_size_mb=serialized bytes /(1024^2); log_stem=joint_sift1M_64b_rabitq_nlist4096_nprobe4_refine; coarse_kmeans=25x1; run_tag=joint_topk1000_fullsplits_serial_t12_host_cpuset1x3x5x7x9x11x13x15x17x19x21x23_refine_20260624; env=host=anonymous, cpu=Intel(R) Xeon(R) Gold 6448Y, cpuset=1,3,5,7,9,11,13,15,17,19,21,23, mems=0-1, faiss_target=faiss_avx2, simd=avx2, compiler=GNU-13.3.0; method_cfg=family=rabitq,nb_bits=1,nominal_budget_bits=64,effective_budget_bits=192; refine=IndexRefineFlat k_factor=1.0; RaBitQ nominal budget labels follow the shared 64/128-bit benchmark convention; actual footprint is captured by index_size_mb"
2026-06-24T12:25:07Z,sift1M,128,1000000,10000,192,4096,8,1000,all,100000,12,faiss:IVF+RaBitQ payload=IndexRaBitQ nb_bits=1,20.78729,8.8863,0.101591,2632.2219,0.8061,0,0,0.878957,21.666248,0.476,8.8863,8.886,0.143491,0.245083,0.025,40802.585,0.3031,0.6599,0.7999,0.8061,0.3856,58377.0508,32.549,"config=epq_train_refined.json; coarse protocol fixed across methods; splits=train/full query/full; topk=1000; metric_topk=1000; rerank_depth=all; recon_sample=200000; peak_ram_gb=/usr/bin/time -v maxrss; index_size_mb=serialized bytes /(1024^2); log_stem=joint_sift1M_128b_rabitq_nlist4096_nprobe8; coarse_kmeans=25x1; run_tag=joint_topk1000_fullsplits_serial_t12_host_cpuset1x3x5x7x9x11x13x15x17x19x21x23_norefine_20260624; env=host=anonymous, cpu=Intel(R) Xeon(R) Gold 6448Y, cpuset=1,3,5,7,9,11,13,15,17,19,21,23, mems=0-1, faiss_target=faiss_avx2, simd=avx2, compiler=GNU-13.3.0; method_cfg=family=rabitq,nb_bits=1,nominal_budget_bits=128,effective_budget_bits=192; RaBitQ nominal budget labels follow the shared 64/128-bit benchmark convention; actual footprint is captured by index_size_mb"
2026-06-24T12:22:56Z,sift1M,128,1000000,10000,192,4096,8,1000,all,100000,12,faiss:IVF+RaBitQ payload=IndexRaBitQ nb_bits=1,20.625108,8.613399,0.101236,2632.2219,0.8061,0,0,0.846581,21.47169,0.476,8.613399,8.613,0.143913,0.245149,0.025,40791.464,0.3031,0.6599,0.7999,0.8061,0.3856,58377.0508,32.549,"config=epq_train_refined.json; coarse protocol fixed across methods; splits=train/full query/full; topk=1000; metric_topk=1000; rerank_depth=all; recon_sample=200000; peak_ram_gb=/usr/bin/time -v maxrss; index_size_mb=serialized bytes /(1024^2); log_stem=joint_sift1M_64b_rabitq_nlist4096_nprobe8; coarse_kmeans=25x1; run_tag=joint_topk1000_fullsplits_serial_t12_host_cpuset1x3x5x7x9x11x13x15x17x19x21x23_norefine_20260624; env=host=anonymous, cpu=Intel(R) Xeon(R) Gold 6448Y, cpuset=1,3,5,7,9,11,13,15,17,19,21,23, mems=0-1, faiss_target=faiss_avx2, simd=avx2, compiler=GNU-13.3.0; method_cfg=family=rabitq,nb_bits=1,nominal_budget_bits=64,effective_budget_bits=192; RaBitQ nominal budget labels follow the shared 64/128-bit benchmark convention; actual footprint is captured by index_size_mb"
2026-06-25T00:04:35Z,sift1M,128,1000000,10000,192,4096,8,1000,all,100000,12,faiss:IVF+RaBitQ payload=IndexRaBitQ nb_bits=1,20.768711,9.409529,0.102457,2632.2219,0.8061,0,0,0.856178,21.62489,1.185,9.409529,9.41,0.491862,0.594319,0.059,16825.986,0.8061,0.8061,0.8061,0.8061,0.3856,58377.0508,32.549,"config=epq_train_refined.json; coarse protocol fixed across methods; splits=train/full query/full; topk=1000; metric_topk=1000; rerank_depth=all; recon_sample=200000; peak_ram_gb=/usr/bin/time -v maxrss; index_size_mb=serialized bytes /(1024^2); log_stem=joint_sift1M_128b_rabitq_nlist4096_nprobe8_refine; coarse_kmeans=25x1; run_tag=joint_topk1000_fullsplits_serial_t12_host_cpuset1x3x5x7x9x11x13x15x17x19x21x23_refine_20260624; env=host=anonymous, cpu=Intel(R) Xeon(R) Gold 6448Y, cpuset=1,3,5,7,9,11,13,15,17,19,21,23, mems=0-1, faiss_target=faiss_avx2, simd=avx2, compiler=GNU-13.3.0; method_cfg=family=rabitq,nb_bits=1,nominal_budget_bits=128,effective_budget_bits=192; refine=IndexRefineFlat k_factor=1.0; RaBitQ nominal budget labels follow the shared 64/128-bit benchmark convention; actual footprint is captured by index_size_mb"
2026-06-25T00:02:18Z,sift1M,128,1000000,10000,192,4096,8,1000,all,100000,12,faiss:IVF+RaBitQ payload=IndexRaBitQ nb_bits=1,20.790815,9.405381,0.102214,2632.2219,0.8061,0,0,0.851918,21.642734,1.185,9.405381,9.405,0.491908,0.594122,0.059,16831.564,0.8061,0.8061,0.8061,0.8061,0.3856,58377.0508,32.549,"config=epq_train_refined.json; coarse protocol fixed across methods; splits=train/full query/full; topk=1000; metric_topk=1000; rerank_depth=all; recon_sample=200000; peak_ram_gb=/usr/bin/time -v maxrss; index_size_mb=serialized bytes /(1024^2); log_stem=joint_sift1M_64b_rabitq_nlist4096_nprobe8_refine; coarse_kmeans=25x1; run_tag=joint_topk1000_fullsplits_serial_t12_host_cpuset1x3x5x7x9x11x13x15x17x19x21x23_refine_20260624; env=host=anonymous, cpu=Intel(R) Xeon(R) Gold 6448Y, cpuset=1,3,5,7,9,11,13,15,17,19,21,23, mems=0-1, faiss_target=faiss_avx2, simd=avx2, compiler=GNU-13.3.0; method_cfg=family=rabitq,nb_bits=1,nominal_budget_bits=64,effective_budget_bits=192; refine=IndexRefineFlat k_factor=1.0; RaBitQ nominal budget labels follow the shared 64/128-bit benchmark convention; actual footprint is captured by index_size_mb"
2026-06-24T12:25:39Z,sift1M,128,1000000,10000,192,4096,16,1000,all,100000,12,faiss:IVF+RaBitQ payload=IndexRaBitQ nb_bits=1,21.468163,8.670254,0.104037,5167.762,0.895,0,0,0.853847,22.322012,0.475,8.670254,8.67,0.231972,0.33601,0.034,29761.046,0.3054,0.6987,0.8819,0.895,0.4814,58377.0508,32.549,"config=epq_train_refined.json; coarse protocol fixed across methods; splits=train/full query/full; topk=1000; metric_topk=1000; rerank_depth=all; recon_sample=200000; peak_ram_gb=/usr/bin/time -v maxrss; index_size_mb=serialized bytes /(1024^2); log_stem=joint_sift1M_128b_rabitq_nlist4096_nprobe16; coarse_kmeans=25x1; run_tag=joint_topk1000_fullsplits_serial_t12_host_cpuset1x3x5x7x9x11x13x15x17x19x21x23_norefine_20260624; env=host=anonymous, cpu=Intel(R) Xeon(R) Gold 6448Y, cpuset=1,3,5,7,9,11,13,15,17,19,21,23, mems=0-1, faiss_target=faiss_avx2, simd=avx2, compiler=GNU-13.3.0; method_cfg=family=rabitq,nb_bits=1,nominal_budget_bits=128,effective_budget_bits=192; RaBitQ nominal budget labels follow the shared 64/128-bit benchmark convention; actual footprint is captured by index_size_mb"
2026-06-24T12:23:28Z,sift1M,128,1000000,10000,192,4096,16,1000,all,100000,12,faiss:IVF+RaBitQ payload=IndexRaBitQ nb_bits=1,20.793528,8.67366,0.107207,5167.762,0.895,0,0,0.853705,21.647242,0.475,8.67366,8.674,0.225813,0.33302,0.033,30028.218,0.3054,0.6987,0.8819,0.895,0.4814,58377.0508,32.549,"config=epq_train_refined.json; coarse protocol fixed across methods; splits=train/full query/full; topk=1000; metric_topk=1000; rerank_depth=all; recon_sample=200000; peak_ram_gb=/usr/bin/time -v maxrss; index_size_mb=serialized bytes /(1024^2); log_stem=joint_sift1M_64b_rabitq_nlist4096_nprobe16; coarse_kmeans=25x1; run_tag=joint_topk1000_fullsplits_serial_t12_host_cpuset1x3x5x7x9x11x13x15x17x19x21x23_norefine_20260624; env=host=anonymous, cpu=Intel(R) Xeon(R) Gold 6448Y, cpuset=1,3,5,7,9,11,13,15,17,19,21,23, mems=0-1, faiss_target=faiss_avx2, simd=avx2, compiler=GNU-13.3.0; method_cfg=family=rabitq,nb_bits=1,nominal_budget_bits=64,effective_budget_bits=192; RaBitQ nominal budget labels follow the shared 64/128-bit benchmark convention; actual footprint is captured by index_size_mb"
2026-06-25T00:05:09Z,sift1M,128,1000000,10000,192,4096,16,1000,all,100000,12,faiss:IVF+RaBitQ payload=IndexRaBitQ nb_bits=1,20.854761,9.442816,0.104884,5167.762,0.895,0,0,0.85483,21.709592,1.185,9.442816,9.443,0.572131,0.677015,0.068,14770.723,0.895,0.895,0.895,0.895,0.4814,58377.0508,32.549,"config=epq_train_refined.json; coarse protocol fixed across methods; splits=train/full query/full; topk=1000; metric_topk=1000; rerank_depth=all; recon_sample=200000; peak_ram_gb=/usr/bin/time -v maxrss; index_size_mb=serialized bytes /(1024^2); log_stem=joint_sift1M_128b_rabitq_nlist4096_nprobe16_refine; coarse_kmeans=25x1; run_tag=joint_topk1000_fullsplits_serial_t12_host_cpuset1x3x5x7x9x11x13x15x17x19x21x23_refine_20260624; env=host=anonymous, cpu=Intel(R) Xeon(R) Gold 6448Y, cpuset=1,3,5,7,9,11,13,15,17,19,21,23, mems=0-1, faiss_target=faiss_avx2, simd=avx2, compiler=GNU-13.3.0; method_cfg=family=rabitq,nb_bits=1,nominal_budget_bits=128,effective_budget_bits=192; refine=IndexRefineFlat k_factor=1.0; RaBitQ nominal budget labels follow the shared 64/128-bit benchmark convention; actual footprint is captured by index_size_mb"
2026-06-25T00:02:52Z,sift1M,128,1000000,10000,192,4096,16,1000,all,100000,12,faiss:IVF+RaBitQ payload=IndexRaBitQ nb_bits=1,21.529694,9.470986,0.105161,5167.762,0.895,0,0,0.858494,22.388189,1.185,9.470986,9.471,0.571943,0.677104,0.068,14768.783,0.895,0.895,0.895,0.895,0.4814,58377.0508,32.549,"config=epq_train_refined.json; coarse protocol fixed across methods; splits=train/full query/full; topk=1000; metric_topk=1000; rerank_depth=all; recon_sample=200000; peak_ram_gb=/usr/bin/time -v maxrss; index_size_mb=serialized bytes /(1024^2); log_stem=joint_sift1M_64b_rabitq_nlist4096_nprobe16_refine; coarse_kmeans=25x1; run_tag=joint_topk1000_fullsplits_serial_t12_host_cpuset1x3x5x7x9x11x13x15x17x19x21x23_refine_20260624; env=host=anonymous, cpu=Intel(R) Xeon(R) Gold 6448Y, cpuset=1,3,5,7,9,11,13,15,17,19,21,23, mems=0-1, faiss_target=faiss_avx2, simd=avx2, compiler=GNU-13.3.0; method_cfg=family=rabitq,nb_bits=1,nominal_budget_bits=64,effective_budget_bits=192; refine=IndexRefineFlat k_factor=1.0; RaBitQ nominal budget labels follow the shared 64/128-bit benchmark convention; actual footprint is captured by index_size_mb"
2026-06-24T12:26:13Z,sift1M,128,1000000,10000,192,4096,32,1000,all,100000,12,faiss:IVF+RaBitQ payload=IndexRaBitQ nb_bits=1,21.558007,8.694237,0.108959,10078.337,0.9556,0,0,0.85642,22.414428,0.476,8.694237,8.694,0.351733,0.460692,0.046,21706.487,0.3085,0.7148,0.9349,0.9555,0.5432,58377.0508,32.549,"config=epq_train_refined.json; coarse protocol fixed across methods; splits=train/full query/full; topk=1000; metric_topk=1000; rerank_depth=all; recon_sample=200000; peak_ram_gb=/usr/bin/time -v maxrss; index_size_mb=serialized bytes /(1024^2); log_stem=joint_sift1M_128b_rabitq_nlist4096_nprobe32; coarse_kmeans=25x1; run_tag=joint_topk1000_fullsplits_serial_t12_host_cpuset1x3x5x7x9x11x13x15x17x19x21x23_norefine_20260624; env=host=anonymous, cpu=Intel(R) Xeon(R) Gold 6448Y, cpuset=1,3,5,7,9,11,13,15,17,19,21,23, mems=0-1, faiss_target=faiss_avx2, simd=avx2, compiler=GNU-13.3.0; method_cfg=family=rabitq,nb_bits=1,nominal_budget_bits=128,effective_budget_bits=192; RaBitQ nominal budget labels follow the shared 64/128-bit benchmark convention; actual footprint is captured by index_size_mb"
2026-06-24T12:24:01Z,sift1M,128,1000000,10000,192,4096,32,1000,all,100000,12,faiss:IVF+RaBitQ payload=IndexRaBitQ nb_bits=1,20.77877,8.669287,0.108877,10078.337,0.9556,0,0,0.854336,21.633107,0.476,8.669287,8.669,0.351874,0.460751,0.046,21703.713,0.3085,0.7148,0.9349,0.9555,0.5432,58377.0508,32.549,"config=epq_train_refined.json; coarse protocol fixed across methods; splits=train/full query/full; topk=1000; metric_topk=1000; rerank_depth=all; recon_sample=200000; peak_ram_gb=/usr/bin/time -v maxrss; index_size_mb=serialized bytes /(1024^2); log_stem=joint_sift1M_64b_rabitq_nlist4096_nprobe32; coarse_kmeans=25x1; run_tag=joint_topk1000_fullsplits_serial_t12_host_cpuset1x3x5x7x9x11x13x15x17x19x21x23_norefine_20260624; env=host=anonymous, cpu=Intel(R) Xeon(R) Gold 6448Y, cpuset=1,3,5,7,9,11,13,15,17,19,21,23, mems=0-1, faiss_target=faiss_avx2, simd=avx2, compiler=GNU-13.3.0; method_cfg=family=rabitq,nb_bits=1,nominal_budget_bits=64,effective_budget_bits=192; RaBitQ nominal budget labels follow the shared 64/128-bit benchmark convention; actual footprint is captured by index_size_mb"
2026-06-25T00:05:43Z,sift1M,128,1000000,10000,192,4096,32,1000,all,100000,12,faiss:IVF+RaBitQ payload=IndexRaBitQ nb_bits=1,20.889707,9.732689,0.11029,10078.337,0.9556,0,0,0.887776,21.777484,1.185,9.732689,9.733,0.69372,0.80401,0.08,12437.661,0.9555,0.9555,0.9555,0.9555,0.5432,58377.0508,32.549,"config=epq_train_refined.json; coarse protocol fixed across methods; splits=train/full query/full; topk=1000; metric_topk=1000; rerank_depth=all; recon_sample=200000; peak_ram_gb=/usr/bin/time -v maxrss; index_size_mb=serialized bytes /(1024^2); log_stem=joint_sift1M_128b_rabitq_nlist4096_nprobe32_refine; coarse_kmeans=25x1; run_tag=joint_topk1000_fullsplits_serial_t12_host_cpuset1x3x5x7x9x11x13x15x17x19x21x23_refine_20260624; env=host=anonymous, cpu=Intel(R) Xeon(R) Gold 6448Y, cpuset=1,3,5,7,9,11,13,15,17,19,21,23, mems=0-1, faiss_target=faiss_avx2, simd=avx2, compiler=GNU-13.3.0; method_cfg=family=rabitq,nb_bits=1,nominal_budget_bits=128,effective_budget_bits=192; refine=IndexRefineFlat k_factor=1.0; RaBitQ nominal budget labels follow the shared 64/128-bit benchmark convention; actual footprint is captured by index_size_mb"
2026-06-25T00:03:27Z,sift1M,128,1000000,10000,192,4096,32,1000,all,100000,12,faiss:IVF+RaBitQ payload=IndexRaBitQ nb_bits=1,20.843329,9.401037,0.109504,10078.337,0.9556,0,0,0.850697,21.694027,1.185,9.401037,9.401,0.694788,0.804291,0.08,12433.303,0.9555,0.9555,0.9555,0.9555,0.5432,58377.0508,32.549,"config=epq_train_refined.json; coarse protocol fixed across methods; splits=train/full query/full; topk=1000; metric_topk=1000; rerank_depth=all; recon_sample=200000; peak_ram_gb=/usr/bin/time -v maxrss; index_size_mb=serialized bytes /(1024^2); log_stem=joint_sift1M_64b_rabitq_nlist4096_nprobe32_refine; coarse_kmeans=25x1; run_tag=joint_topk1000_fullsplits_serial_t12_host_cpuset1x3x5x7x9x11x13x15x17x19x21x23_refine_20260624; env=host=anonymous, cpu=Intel(R) Xeon(R) Gold 6448Y, cpuset=1,3,5,7,9,11,13,15,17,19,21,23, mems=0-1, faiss_target=faiss_avx2, simd=avx2, compiler=GNU-13.3.0; method_cfg=family=rabitq,nb_bits=1,nominal_budget_bits=64,effective_budget_bits=192; refine=IndexRefineFlat k_factor=1.0; RaBitQ nominal budget labels follow the shared 64/128-bit benchmark convention; actual footprint is captured by index_size_mb"
2026-06-24T19:14:57Z,gist1M,960,1000000,1000,1024,4096,4,1000,all,500000,12,faiss:IVF+RaBitQ payload=IndexRaBitQ nb_bits=1,685.451513,57.719958,0.059819,1513.655,0.427,0,0,27.750163,713.201677,5.831,57.719958,57.72,0,0.052078,0.052,19202.03,0.212,0.394,0.427,0.427,0.1504,0.8281,144.731,"config=epq_train_refined.json; coarse protocol fixed across methods; splits=train/full query/full; topk=1000; metric_topk=1000; rerank_depth=all; recon_sample=200000; peak_ram_gb=/usr/bin/time -v maxrss; index_size_mb=serialized bytes /(1024^2); log_stem=joint_gist1M_128b_rabitq_nlist4096_nprobe4; coarse_kmeans=25x1; run_tag=joint_topk1000_fullsplits_serial_t12_host_cpuset1x3x5x7x9x11x13x15x17x19x21x23_norefine_20260624; env=host=anonymous, cpu=Intel(R) Xeon(R) Gold 6448Y, cpuset=1,3,5,7,9,11,13,15,17,19,21,23, mems=0-1, faiss_target=faiss_avx2, simd=avx2, compiler=GNU-13.3.0; method_cfg=family=rabitq,nb_bits=1,nominal_budget_bits=128,effective_budget_bits=1024; RaBitQ nominal budget labels follow the shared 64/128-bit benchmark convention; actual footprint is captured by index_size_mb"
2026-06-24T18:23:12Z,gist1M,960,1000000,1000,1024,4096,4,1000,all,500000,12,faiss:IVF+RaBitQ payload=IndexRaBitQ nb_bits=1,683.969736,58.334813,0.059342,1513.655,0.427,0,0,28.222811,712.192548,5.831,58.334813,58.335,0,0.048308,0.048,20700.665,0.212,0.394,0.427,0.427,0.1504,0.8281,144.731,"config=epq_train_refined.json; coarse protocol fixed across methods; splits=train/full query/full; topk=1000; metric_topk=1000; rerank_depth=all; recon_sample=200000; peak_ram_gb=/usr/bin/time -v maxrss; index_size_mb=serialized bytes /(1024^2); log_stem=joint_gist1M_64b_rabitq_nlist4096_nprobe4; coarse_kmeans=25x1; run_tag=joint_topk1000_fullsplits_serial_t12_host_cpuset1x3x5x7x9x11x13x15x17x19x21x23_norefine_20260624; env=host=anonymous, cpu=Intel(R) Xeon(R) Gold 6448Y, cpuset=1,3,5,7,9,11,13,15,17,19,21,23, mems=0-1, faiss_target=faiss_avx2, simd=avx2, compiler=GNU-13.3.0; method_cfg=family=rabitq,nb_bits=1,nominal_budget_bits=64,effective_budget_bits=1024; RaBitQ nominal budget labels follow the shared 64/128-bit benchmark convention; actual footprint is captured by index_size_mb"
2026-06-25T06:54:11Z,gist1M,960,1000000,1000,1024,4096,4,1000,all,500000,12,faiss:IVF+RaBitQ payload=IndexRaBitQ nb_bits=1,681.079002,63.005537,0.058305,1513.655,0.427,0,0,28.03754,709.116543,10.981,63.005537,63.006,0.144686,0.198105,0.198,5047.831,0.427,0.427,0.427,0.427,0.1504,0.8281,144.731,"config=epq_train_refined.json; coarse protocol fixed across methods; splits=train/full query/full; topk=1000; metric_topk=1000; rerank_depth=all; recon_sample=200000; peak_ram_gb=/usr/bin/time -v maxrss; index_size_mb=serialized bytes /(1024^2); log_stem=joint_gist1M_128b_rabitq_nlist4096_nprobe4_refine; coarse_kmeans=25x1; run_tag=joint_topk1000_fullsplits_serial_t12_host_cpuset1x3x5x7x9x11x13x15x17x19x21x23_refine_20260624; env=host=anonymous, cpu=Intel(R) Xeon(R) Gold 6448Y, cpuset=1,3,5,7,9,11,13,15,17,19,21,23, mems=0-1, faiss_target=faiss_avx2, simd=avx2, compiler=GNU-13.3.0; method_cfg=family=rabitq,nb_bits=1,nominal_budget_bits=128,effective_budget_bits=1024; refine=IndexRefineFlat k_factor=1.0; RaBitQ nominal budget labels follow the shared 64/128-bit benchmark convention; actual footprint is captured by index_size_mb"
2026-06-25T06:02:00Z,gist1M,960,1000000,1000,1024,4096,4,1000,all,500000,12,faiss:IVF+RaBitQ payload=IndexRaBitQ nb_bits=1,683.451519,63.23397,0.058772,1513.655,0.427,0,0,28.41355,711.86507,10.981,63.23397,63.234,0.144523,0.197929,0.198,5052.309,0.427,0.427,0.427,0.427,0.1504,0.8281,144.731,"config=epq_train_refined.json; coarse protocol fixed across methods; splits=train/full query/full; topk=1000; metric_topk=1000; rerank_depth=all; recon_sample=200000; peak_ram_gb=/usr/bin/time -v maxrss; index_size_mb=serialized bytes /(1024^2); log_stem=joint_gist1M_64b_rabitq_nlist4096_nprobe4_refine; coarse_kmeans=25x1; run_tag=joint_topk1000_fullsplits_serial_t12_host_cpuset1x3x5x7x9x11x13x15x17x19x21x23_refine_20260624; env=host=anonymous, cpu=Intel(R) Xeon(R) Gold 6448Y, cpuset=1,3,5,7,9,11,13,15,17,19,21,23, mems=0-1, faiss_target=faiss_avx2, simd=avx2, compiler=GNU-13.3.0; method_cfg=family=rabitq,nb_bits=1,nominal_budget_bits=64,effective_budget_bits=1024; refine=IndexRefineFlat k_factor=1.0; RaBitQ nominal budget labels follow the shared 64/128-bit benchmark convention; actual footprint is captured by index_size_mb"
2026-06-24T19:27:54Z,gist1M,960,1000000,1000,1024,4096,8,1000,all,500000,12,faiss:IVF+RaBitQ payload=IndexRaBitQ nb_bits=1,690.420514,57.699568,0.05942,3069.006,0.596,0,0,27.75538,718.175895,5.831,57.699568,57.7,0.007012,0.066432,0.066,15052.936,0.26,0.535,0.596,0.596,0.2405,0.8281,144.731,"config=epq_train_refined.json; coarse protocol fixed across methods; splits=train/full query/full; topk=1000; metric_topk=1000; rerank_depth=all; recon_sample=200000; peak_ram_gb=/usr/bin/time -v maxrss; index_size_mb=serialized bytes /(1024^2); log_stem=joint_gist1M_128b_rabitq_nlist4096_nprobe8; coarse_kmeans=25x1; run_tag=joint_topk1000_fullsplits_serial_t12_host_cpuset1x3x5x7x9x11x13x15x17x19x21x23_norefine_20260624; env=host=anonymous, cpu=Intel(R) Xeon(R) Gold 6448Y, cpuset=1,3,5,7,9,11,13,15,17,19,21,23, mems=0-1, faiss_target=faiss_avx2, simd=avx2, compiler=GNU-13.3.0; method_cfg=family=rabitq,nb_bits=1,nominal_budget_bits=128,effective_budget_bits=1024; RaBitQ nominal budget labels follow the shared 64/128-bit benchmark convention; actual footprint is captured by index_size_mb"
2026-06-24T18:36:08Z,gist1M,960,1000000,1000,1024,4096,8,1000,all,500000,12,faiss:IVF+RaBitQ payload=IndexRaBitQ nb_bits=1,684.000315,57.767085,0.060449,3069.006,0.596,0,0,27.756184,711.756509,5.831,57.767085,57.767,0.005845,0.066293,0.066,15084.451,0.26,0.535,0.596,0.596,0.2405,0.8281,144.731,"config=epq_train_refined.json; coarse protocol fixed across methods; splits=train/full query/full; topk=1000; metric_topk=1000; rerank_depth=all; recon_sample=200000; peak_ram_gb=/usr/bin/time -v maxrss; index_size_mb=serialized bytes /(1024^2); log_stem=joint_gist1M_64b_rabitq_nlist4096_nprobe8; coarse_kmeans=25x1; run_tag=joint_topk1000_fullsplits_serial_t12_host_cpuset1x3x5x7x9x11x13x15x17x19x21x23_norefine_20260624; env=host=anonymous, cpu=Intel(R) Xeon(R) Gold 6448Y, cpuset=1,3,5,7,9,11,13,15,17,19,21,23, mems=0-1, faiss_target=faiss_avx2, simd=avx2, compiler=GNU-13.3.0; method_cfg=family=rabitq,nb_bits=1,nominal_budget_bits=64,effective_budget_bits=1024; RaBitQ nominal budget labels follow the shared 64/128-bit benchmark convention; actual footprint is captured by index_size_mb"
2026-06-25T07:07:09Z,gist1M,960,1000000,1000,1024,4096,8,1000,all,500000,12,faiss:IVF+RaBitQ payload=IndexRaBitQ nb_bits=1,688.733126,62.303743,0.058804,3069.006,0.596,0,0,27.699093,716.43222,10.981,62.303743,62.304,0.162092,0.220896,0.221,4527.02,0.596,0.596,0.596,0.596,0.2405,0.8281,144.731,"config=epq_train_refined.json; coarse protocol fixed across methods; splits=train/full query/full; topk=1000; metric_topk=1000; rerank_depth=all; recon_sample=200000; peak_ram_gb=/usr/bin/time -v maxrss; index_size_mb=serialized bytes /(1024^2); log_stem=joint_gist1M_128b_rabitq_nlist4096_nprobe8_refine; coarse_kmeans=25x1; run_tag=joint_topk1000_fullsplits_serial_t12_host_cpuset1x3x5x7x9x11x13x15x17x19x21x23_refine_20260624; env=host=anonymous, cpu=Intel(R) Xeon(R) Gold 6448Y, cpuset=1,3,5,7,9,11,13,15,17,19,21,23, mems=0-1, faiss_target=faiss_avx2, simd=avx2, compiler=GNU-13.3.0; method_cfg=family=rabitq,nb_bits=1,nominal_budget_bits=128,effective_budget_bits=1024; refine=IndexRefineFlat k_factor=1.0; RaBitQ nominal budget labels follow the shared 64/128-bit benchmark convention; actual footprint is captured by index_size_mb"
2026-06-25T06:15:01Z,gist1M,960,1000000,1000,1024,4096,8,1000,all,500000,12,faiss:IVF+RaBitQ payload=IndexRaBitQ nb_bits=1,681.907316,62.561799,0.059633,3069.006,0.596,0,0,27.659369,709.566686,10.981,62.561799,62.562,0.161303,0.220936,0.221,4526.204,0.596,0.596,0.596,0.596,0.2405,0.8281,144.731,"config=epq_train_refined.json; coarse protocol fixed across methods; splits=train/full query/full; topk=1000; metric_topk=1000; rerank_depth=all; recon_sample=200000; peak_ram_gb=/usr/bin/time -v maxrss; index_size_mb=serialized bytes /(1024^2); log_stem=joint_gist1M_64b_rabitq_nlist4096_nprobe8_refine; coarse_kmeans=25x1; run_tag=joint_topk1000_fullsplits_serial_t12_host_cpuset1x3x5x7x9x11x13x15x17x19x21x23_refine_20260624; env=host=anonymous, cpu=Intel(R) Xeon(R) Gold 6448Y, cpuset=1,3,5,7,9,11,13,15,17,19,21,23, mems=0-1, faiss_target=faiss_avx2, simd=avx2, compiler=GNU-13.3.0; method_cfg=family=rabitq,nb_bits=1,nominal_budget_bits=64,effective_budget_bits=1024; refine=IndexRefineFlat k_factor=1.0; RaBitQ nominal budget labels follow the shared 64/128-bit benchmark convention; actual footprint is captured by index_size_mb"
2026-06-24T19:40:55Z,gist1M,960,1000000,1000,1024,4096,16,1000,all,500000,12,faiss:IVF+RaBitQ payload=IndexRaBitQ nb_bits=1,686.810281,57.770777,0.059734,6174.418,0.717,0,0,27.994335,714.804618,5.831,57.770777,57.771,0.042709,0.102443,0.102,9761.502,0.281,0.614,0.715,0.717,0.3517,0.8281,144.731,"config=epq_train_refined.json; coarse protocol fixed across methods; splits=train/full query/full; topk=1000; metric_topk=1000; rerank_depth=all; recon_sample=200000; peak_ram_gb=/usr/bin/time -v maxrss; index_size_mb=serialized bytes /(1024^2); log_stem=joint_gist1M_128b_rabitq_nlist4096_nprobe16; coarse_kmeans=25x1; run_tag=joint_topk1000_fullsplits_serial_t12_host_cpuset1x3x5x7x9x11x13x15x17x19x21x23_norefine_20260624; env=host=anonymous, cpu=Intel(R) Xeon(R) Gold 6448Y, cpuset=1,3,5,7,9,11,13,15,17,19,21,23, mems=0-1, faiss_target=faiss_avx2, simd=avx2, compiler=GNU-13.3.0; method_cfg=family=rabitq,nb_bits=1,nominal_budget_bits=128,effective_budget_bits=1024; RaBitQ nominal budget labels follow the shared 64/128-bit benchmark convention; actual footprint is captured by index_size_mb"
2026-06-24T18:49:03Z,gist1M,960,1000000,1000,1024,4096,16,1000,all,500000,12,faiss:IVF+RaBitQ payload=IndexRaBitQ nb_bits=1,685.328706,57.712034,0.059184,6174.418,0.717,0,0,27.735271,713.063978,5.831,57.712034,57.712,0.040307,0.099491,0.099,10051.12,0.281,0.614,0.715,0.717,0.3517,0.8281,144.731,"config=epq_train_refined.json; coarse protocol fixed across methods; splits=train/full query/full; topk=1000; metric_topk=1000; rerank_depth=all; recon_sample=200000; peak_ram_gb=/usr/bin/time -v maxrss; index_size_mb=serialized bytes /(1024^2); log_stem=joint_gist1M_64b_rabitq_nlist4096_nprobe16; coarse_kmeans=25x1; run_tag=joint_topk1000_fullsplits_serial_t12_host_cpuset1x3x5x7x9x11x13x15x17x19x21x23_norefine_20260624; env=host=anonymous, cpu=Intel(R) Xeon(R) Gold 6448Y, cpuset=1,3,5,7,9,11,13,15,17,19,21,23, mems=0-1, faiss_target=faiss_avx2, simd=avx2, compiler=GNU-13.3.0; method_cfg=family=rabitq,nb_bits=1,nominal_budget_bits=64,effective_budget_bits=1024; RaBitQ nominal budget labels follow the shared 64/128-bit benchmark convention; actual footprint is captured by index_size_mb"
2026-06-25T07:20:14Z,gist1M,960,1000000,1000,1024,4096,16,1000,all,500000,12,faiss:IVF+RaBitQ payload=IndexRaBitQ nb_bits=1,689.163247,62.39073,0.05894,6174.418,0.717,0,0,27.779347,716.942595,10.981,62.39073,62.391,0.192758,0.251698,0.252,3973.015,0.717,0.717,0.717,0.717,0.3517,0.8281,144.731,"config=epq_train_refined.json; coarse protocol fixed across methods; splits=train/full query/full; topk=1000; metric_topk=1000; rerank_depth=all; recon_sample=200000; peak_ram_gb=/usr/bin/time -v maxrss; index_size_mb=serialized bytes /(1024^2); log_stem=joint_gist1M_128b_rabitq_nlist4096_nprobe16_refine; coarse_kmeans=25x1; run_tag=joint_topk1000_fullsplits_serial_t12_host_cpuset1x3x5x7x9x11x13x15x17x19x21x23_refine_20260624; env=host=anonymous, cpu=Intel(R) Xeon(R) Gold 6448Y, cpuset=1,3,5,7,9,11,13,15,17,19,21,23, mems=0-1, faiss_target=faiss_avx2, simd=avx2, compiler=GNU-13.3.0; method_cfg=family=rabitq,nb_bits=1,nominal_budget_bits=128,effective_budget_bits=1024; refine=IndexRefineFlat k_factor=1.0; RaBitQ nominal budget labels follow the shared 64/128-bit benchmark convention; actual footprint is captured by index_size_mb"
2026-06-25T06:28:00Z,gist1M,960,1000000,1000,1024,4096,16,1000,all,500000,12,faiss:IVF+RaBitQ payload=IndexRaBitQ nb_bits=1,687.633892,62.231649,0.05891,6174.418,0.717,0,0,27.617863,715.251756,10.981,62.231649,62.232,0.192934,0.251844,0.252,3970.709,0.717,0.717,0.717,0.717,0.3517,0.8281,144.731,"config=epq_train_refined.json; coarse protocol fixed across methods; splits=train/full query/full; topk=1000; metric_topk=1000; rerank_depth=all; recon_sample=200000; peak_ram_gb=/usr/bin/time -v maxrss; index_size_mb=serialized bytes /(1024^2); log_stem=joint_gist1M_64b_rabitq_nlist4096_nprobe16_refine; coarse_kmeans=25x1; run_tag=joint_topk1000_fullsplits_serial_t12_host_cpuset1x3x5x7x9x11x13x15x17x19x21x23_refine_20260624; env=host=anonymous, cpu=Intel(R) Xeon(R) Gold 6448Y, cpuset=1,3,5,7,9,11,13,15,17,19,21,23, mems=0-1, faiss_target=faiss_avx2, simd=avx2, compiler=GNU-13.3.0; method_cfg=family=rabitq,nb_bits=1,nominal_budget_bits=64,effective_budget_bits=1024; refine=IndexRefineFlat k_factor=1.0; RaBitQ nominal budget labels follow the shared 64/128-bit benchmark convention; actual footprint is captured by index_size_mb"
2026-06-24T19:53:54Z,gist1M,960,1000000,1000,1024,4096,32,1000,all,500000,12,faiss:IVF+RaBitQ payload=IndexRaBitQ nb_bits=1,691.722507,57.683197,0.060689,12404.669,0.816,0,0,28.026019,719.748527,5.831,57.683197,57.683,0.092858,0.153547,0.154,6512.647,0.299,0.669,0.811,0.816,0.4628,0.8281,144.731,"config=epq_train_refined.json; coarse protocol fixed across methods; splits=train/full query/full; topk=1000; metric_topk=1000; rerank_depth=all; recon_sample=200000; peak_ram_gb=/usr/bin/time -v maxrss; index_size_mb=serialized bytes /(1024^2); log_stem=joint_gist1M_128b_rabitq_nlist4096_nprobe32; coarse_kmeans=25x1; run_tag=joint_topk1000_fullsplits_serial_t12_host_cpuset1x3x5x7x9x11x13x15x17x19x21x23_norefine_20260624; env=host=anonymous, cpu=Intel(R) Xeon(R) Gold 6448Y, cpuset=1,3,5,7,9,11,13,15,17,19,21,23, mems=0-1, faiss_target=faiss_avx2, simd=avx2, compiler=GNU-13.3.0; method_cfg=family=rabitq,nb_bits=1,nominal_budget_bits=128,effective_budget_bits=1024; RaBitQ nominal budget labels follow the shared 64/128-bit benchmark convention; actual footprint is captured by index_size_mb"
2026-06-24T19:02:00Z,gist1M,960,1000000,1000,1024,4096,32,1000,all,500000,12,faiss:IVF+RaBitQ payload=IndexRaBitQ nb_bits=1,685.900219,57.770079,0.060753,12404.669,0.816,0,0,27.788404,713.688624,5.831,57.770079,57.77,0.093496,0.154249,0.154,6483.014,0.299,0.669,0.811,0.816,0.4628,0.8281,144.731,"config=epq_train_refined.json; coarse protocol fixed across methods; splits=train/full query/full; topk=1000; metric_topk=1000; rerank_depth=all; recon_sample=200000; peak_ram_gb=/usr/bin/time -v maxrss; index_size_mb=serialized bytes /(1024^2); log_stem=joint_gist1M_64b_rabitq_nlist4096_nprobe32; coarse_kmeans=25x1; run_tag=joint_topk1000_fullsplits_serial_t12_host_cpuset1x3x5x7x9x11x13x15x17x19x21x23_norefine_20260624; env=host=anonymous, cpu=Intel(R) Xeon(R) Gold 6448Y, cpuset=1,3,5,7,9,11,13,15,17,19,21,23, mems=0-1, faiss_target=faiss_avx2, simd=avx2, compiler=GNU-13.3.0; method_cfg=family=rabitq,nb_bits=1,nominal_budget_bits=64,effective_budget_bits=1024; RaBitQ nominal budget labels follow the shared 64/128-bit benchmark convention; actual footprint is captured by index_size_mb"
2026-06-25T07:33:19Z,gist1M,960,1000000,1000,1024,4096,32,1000,all,500000,12,faiss:IVF+RaBitQ payload=IndexRaBitQ nb_bits=1,691.051283,62.557557,0.05988,12404.669,0.816,0,0,27.749187,718.800472,10.981,62.557557,62.558,0.247148,0.307028,0.307,3257.03,0.816,0.816,0.816,0.816,0.4628,0.8281,144.731,"config=epq_train_refined.json; coarse protocol fixed across methods; splits=train/full query/full; topk=1000; metric_topk=1000; rerank_depth=all; recon_sample=200000; peak_ram_gb=/usr/bin/time -v maxrss; index_size_mb=serialized bytes /(1024^2); log_stem=joint_gist1M_128b_rabitq_nlist4096_nprobe32_refine; coarse_kmeans=25x1; run_tag=joint_topk1000_fullsplits_serial_t12_host_cpuset1x3x5x7x9x11x13x15x17x19x21x23_refine_20260624; env=host=anonymous, cpu=Intel(R) Xeon(R) Gold 6448Y, cpuset=1,3,5,7,9,11,13,15,17,19,21,23, mems=0-1, faiss_target=faiss_avx2, simd=avx2, compiler=GNU-13.3.0; method_cfg=family=rabitq,nb_bits=1,nominal_budget_bits=128,effective_budget_bits=1024; refine=IndexRefineFlat k_factor=1.0; RaBitQ nominal budget labels follow the shared 64/128-bit benchmark convention; actual footprint is captured by index_size_mb"
2026-06-25T06:41:03Z,gist1M,960,1000000,1000,1024,4096,32,1000,all,500000,12,faiss:IVF+RaBitQ payload=IndexRaBitQ nb_bits=1,691.11902,62.481058,0.059745,12404.669,0.816,0,0,27.743567,718.862588,10.981,62.481058,62.481,0.247797,0.307543,0.308,3251.581,0.816,0.816,0.816,0.816,0.4628,0.8281,144.731,"config=epq_train_refined.json; coarse protocol fixed across methods; splits=train/full query/full; topk=1000; metric_topk=1000; rerank_depth=all; recon_sample=200000; peak_ram_gb=/usr/bin/time -v maxrss; index_size_mb=serialized bytes /(1024^2); log_stem=joint_gist1M_64b_rabitq_nlist4096_nprobe32_refine; coarse_kmeans=25x1; run_tag=joint_topk1000_fullsplits_serial_t12_host_cpuset1x3x5x7x9x11x13x15x17x19x21x23_refine_20260624; env=host=anonymous, cpu=Intel(R) Xeon(R) Gold 6448Y, cpuset=1,3,5,7,9,11,13,15,17,19,21,23, mems=0-1, faiss_target=faiss_avx2, simd=avx2, compiler=GNU-13.3.0; method_cfg=family=rabitq,nb_bits=1,nominal_budget_bits=64,effective_budget_bits=1024; refine=IndexRefineFlat k_factor=1.0; RaBitQ nominal budget labels follow the shared 64/128-bit benchmark convention; actual footprint is captured by index_size_mb"
2026-06-24T23:17:44Z,deep10M,96,10000000,10000,160,16384,16,1000,all,200000,12,faiss:IVF+RaBitQ payload=IndexRaBitQ nb_bits=1,129.344288,260.069077,0.296224,15049.1926,0.8737,0,0,5.226667,134.570956,0.981,260.069077,26.007,0.363343,0.659567,0.066,15161.46,0.2854,0.6927,0.8651,0.8737,0.5169,0.2312,273.154,"config=epq_train_refined.json; coarse protocol fixed across methods; splits=train/full query/full; topk=1000; metric_topk=1000; rerank_depth=all; recon_sample=200000; peak_ram_gb=/usr/bin/time -v maxrss; index_size_mb=serialized bytes /(1024^2); log_stem=joint_deep10M_128b_rabitq_nlist16384_nprobe16; coarse_kmeans=25x1; run_tag=joint_topk1000_fullsplits_serial_t12_host_cpuset1x3x5x7x9x11x13x15x17x19x21x23_norefine_20260624; env=host=anonymous, cpu=Intel(R) Xeon(R) Gold 6448Y, cpuset=1,3,5,7,9,11,13,15,17,19,21,23, mems=0-1, faiss_target=faiss_avx2, simd=avx2, compiler=GNU-13.3.0; method_cfg=family=rabitq,nb_bits=1,nominal_budget_bits=128,effective_budget_bits=160; RaBitQ nominal budget labels follow the shared 64/128-bit benchmark convention; actual footprint is captured by index_size_mb"
2026-06-24T22:51:12Z,deep10M,96,10000000,10000,160,16384,16,1000,all,200000,12,faiss:IVF+RaBitQ payload=IndexRaBitQ nb_bits=1,125.650072,262.160979,0.297683,15049.1926,0.8737,0,0,5.297203,130.947277,0.98,262.160979,26.216,0.371803,0.669486,0.067,14936.826,0.2854,0.6927,0.8651,0.8737,0.5169,0.2312,273.154,"config=epq_train_refined.json; coarse protocol fixed across methods; splits=train/full query/full; topk=1000; metric_topk=1000; rerank_depth=all; recon_sample=200000; peak_ram_gb=/usr/bin/time -v maxrss; index_size_mb=serialized bytes /(1024^2); log_stem=joint_deep10M_64b_rabitq_nlist16384_nprobe16; coarse_kmeans=25x1; run_tag=joint_topk1000_fullsplits_serial_t12_host_cpuset1x3x5x7x9x11x13x15x17x19x21x23_norefine_20260624; env=host=anonymous, cpu=Intel(R) Xeon(R) Gold 6448Y, cpuset=1,3,5,7,9,11,13,15,17,19,21,23, mems=0-1, faiss_target=faiss_avx2, simd=avx2, compiler=GNU-13.3.0; method_cfg=family=rabitq,nb_bits=1,nominal_budget_bits=64,effective_budget_bits=160; RaBitQ nominal budget labels follow the shared 64/128-bit benchmark convention; actual footprint is captured by index_size_mb"
2026-06-25T10:59:16Z,deep10M,96,10000000,10000,160,16384,16,1000,all,200000,12,faiss:IVF+RaBitQ payload=IndexRaBitQ nb_bits=1,124.723939,265.963905,0.299739,15049.1926,0.8737,0,0,5.248077,129.972017,5.532,265.963905,26.596,0.669913,0.969652,0.097,10312.98,0.8737,0.8737,0.8737,0.8737,0.5169,0.2312,273.154,"config=epq_train_refined.json; coarse protocol fixed across methods; splits=train/full query/full; topk=1000; metric_topk=1000; rerank_depth=all; recon_sample=200000; peak_ram_gb=/usr/bin/time -v maxrss; index_size_mb=serialized bytes /(1024^2); log_stem=joint_deep10M_128b_rabitq_nlist16384_nprobe16_refine; coarse_kmeans=25x1; run_tag=joint_topk1000_fullsplits_serial_t12_host_cpuset1x3x5x7x9x11x13x15x17x19x21x23_refine_20260624; env=host=anonymous, cpu=Intel(R) Xeon(R) Gold 6448Y, cpuset=1,3,5,7,9,11,13,15,17,19,21,23, mems=0-1, faiss_target=faiss_avx2, simd=avx2, compiler=GNU-13.3.0; method_cfg=family=rabitq,nb_bits=1,nominal_budget_bits=128,effective_budget_bits=160; refine=IndexRefineFlat k_factor=1.0; RaBitQ nominal budget labels follow the shared 64/128-bit benchmark convention; actual footprint is captured by index_size_mb"
2026-06-25T10:32:40Z,deep10M,96,10000000,10000,160,16384,16,1000,all,200000,12,faiss:IVF+RaBitQ payload=IndexRaBitQ nb_bits=1,123.860358,263.258627,0.309154,15049.1926,0.8737,0,0,5.188641,129.049,5.532,263.258627,26.326,0.660643,0.969796,0.097,10311.445,0.8737,0.8737,0.8737,0.8737,0.5169,0.2312,273.154,"config=epq_train_refined.json; coarse protocol fixed across methods; splits=train/full query/full; topk=1000; metric_topk=1000; rerank_depth=all; recon_sample=200000; peak_ram_gb=/usr/bin/time -v maxrss; index_size_mb=serialized bytes /(1024^2); log_stem=joint_deep10M_64b_rabitq_nlist16384_nprobe16_refine; coarse_kmeans=25x1; run_tag=joint_topk1000_fullsplits_serial_t12_host_cpuset1x3x5x7x9x11x13x15x17x19x21x23_refine_20260624; env=host=anonymous, cpu=Intel(R) Xeon(R) Gold 6448Y, cpuset=1,3,5,7,9,11,13,15,17,19,21,23, mems=0-1, faiss_target=faiss_avx2, simd=avx2, compiler=GNU-13.3.0; method_cfg=family=rabitq,nb_bits=1,nominal_budget_bits=64,effective_budget_bits=160; refine=IndexRefineFlat k_factor=1.0; RaBitQ nominal budget labels follow the shared 64/128-bit benchmark convention; actual footprint is captured by index_size_mb"
2026-06-24T23:24:21Z,deep10M,96,10000000,10000,160,16384,32,1000,all,200000,12,faiss:IVF+RaBitQ payload=IndexRaBitQ nb_bits=1,124.782266,259.848789,0.314412,28990.6065,0.9368,0,0,5.2364,130.018668,0.98,259.848789,25.985,0.705123,1.019535,0.102,9808.393,0.2848,0.7135,0.922,0.9366,0.563,0.2312,273.154,"config=epq_train_refined.json; coarse protocol fixed across methods; splits=train/full query/full; topk=1000; metric_topk=1000; rerank_depth=all; recon_sample=200000; peak_ram_gb=/usr/bin/time -v maxrss; index_size_mb=serialized bytes /(1024^2); log_stem=joint_deep10M_128b_rabitq_nlist16384_nprobe32; coarse_kmeans=25x1; run_tag=joint_topk1000_fullsplits_serial_t12_host_cpuset1x3x5x7x9x11x13x15x17x19x21x23_norefine_20260624; env=host=anonymous, cpu=Intel(R) Xeon(R) Gold 6448Y, cpuset=1,3,5,7,9,11,13,15,17,19,21,23, mems=0-1, faiss_target=faiss_avx2, simd=avx2, compiler=GNU-13.3.0; method_cfg=family=rabitq,nb_bits=1,nominal_budget_bits=128,effective_budget_bits=160; RaBitQ nominal budget labels follow the shared 64/128-bit benchmark convention; actual footprint is captured by index_size_mb"
2026-06-24T22:57:48Z,deep10M,96,10000000,10000,160,16384,32,1000,all,200000,12,faiss:IVF+RaBitQ payload=IndexRaBitQ nb_bits=1,125.005862,259.688197,0.305513,28990.6065,0.9368,0,0,5.23301,130.238874,0.98,259.688197,25.969,0.716785,1.022298,0.102,9781.885,0.2848,0.7135,0.922,0.9366,0.563,0.2312,273.154,"config=epq_train_refined.json; coarse protocol fixed across methods; splits=train/full query/full; topk=1000; metric_topk=1000; rerank_depth=all; recon_sample=200000; peak_ram_gb=/usr/bin/time -v maxrss; index_size_mb=serialized bytes /(1024^2); log_stem=joint_deep10M_64b_rabitq_nlist16384_nprobe32; coarse_kmeans=25x1; run_tag=joint_topk1000_fullsplits_serial_t12_host_cpuset1x3x5x7x9x11x13x15x17x19x21x23_norefine_20260624; env=host=anonymous, cpu=Intel(R) Xeon(R) Gold 6448Y, cpuset=1,3,5,7,9,11,13,15,17,19,21,23, mems=0-1, faiss_target=faiss_avx2, simd=avx2, compiler=GNU-13.3.0; method_cfg=family=rabitq,nb_bits=1,nominal_budget_bits=64,effective_budget_bits=160; RaBitQ nominal budget labels follow the shared 64/128-bit benchmark convention; actual footprint is captured by index_size_mb"
2026-06-25T11:05:56Z,deep10M,96,10000000,10000,160,16384,32,1000,all,200000,12,faiss:IVF+RaBitQ payload=IndexRaBitQ nb_bits=1,124.585846,273.948916,0.302478,28990.6065,0.9368,0,0,5.40638,129.992235,5.532,273.948916,27.395,1.027913,1.330391,0.133,7516.587,0.9366,0.9366,0.9366,0.9366,0.563,0.2312,273.154,"config=epq_train_refined.json; coarse protocol fixed across methods; splits=train/full query/full; topk=1000; metric_topk=1000; rerank_depth=all; recon_sample=200000; peak_ram_gb=/usr/bin/time -v maxrss; index_size_mb=serialized bytes /(1024^2); log_stem=joint_deep10M_128b_rabitq_nlist16384_nprobe32_refine; coarse_kmeans=25x1; run_tag=joint_topk1000_fullsplits_serial_t12_host_cpuset1x3x5x7x9x11x13x15x17x19x21x23_refine_20260624; env=host=anonymous, cpu=Intel(R) Xeon(R) Gold 6448Y, cpuset=1,3,5,7,9,11,13,15,17,19,21,23, mems=0-1, faiss_target=faiss_avx2, simd=avx2, compiler=GNU-13.3.0; method_cfg=family=rabitq,nb_bits=1,nominal_budget_bits=128,effective_budget_bits=160; refine=IndexRefineFlat k_factor=1.0; RaBitQ nominal budget labels follow the shared 64/128-bit benchmark convention; actual footprint is captured by index_size_mb"
2026-06-25T10:39:17Z,deep10M,96,10000000,10000,160,16384,32,1000,all,200000,12,faiss:IVF+RaBitQ payload=IndexRaBitQ nb_bits=1,123.659916,263.124181,0.309502,28990.6065,0.9368,0,0,5.185829,128.845753,5.532,263.124181,26.312,1.046813,1.356315,0.136,7372.919,0.9366,0.9366,0.9366,0.9366,0.563,0.2312,273.154,"config=epq_train_refined.json; coarse protocol fixed across methods; splits=train/full query/full; topk=1000; metric_topk=1000; rerank_depth=all; recon_sample=200000; peak_ram_gb=/usr/bin/time -v maxrss; index_size_mb=serialized bytes /(1024^2); log_stem=joint_deep10M_64b_rabitq_nlist16384_nprobe32_refine; coarse_kmeans=25x1; run_tag=joint_topk1000_fullsplits_serial_t12_host_cpuset1x3x5x7x9x11x13x15x17x19x21x23_refine_20260624; env=host=anonymous, cpu=Intel(R) Xeon(R) Gold 6448Y, cpuset=1,3,5,7,9,11,13,15,17,19,21,23, mems=0-1, faiss_target=faiss_avx2, simd=avx2, compiler=GNU-13.3.0; method_cfg=family=rabitq,nb_bits=1,nominal_budget_bits=64,effective_budget_bits=160; refine=IndexRefineFlat k_factor=1.0; RaBitQ nominal budget labels follow the shared 64/128-bit benchmark convention; actual footprint is captured by index_size_mb"
2026-06-24T23:30:55Z,deep10M,96,10000000,10000,160,16384,64,1000,all,200000,12,faiss:IVF+RaBitQ payload=IndexRaBitQ nb_bits=1,125.236142,261.514197,0.330493,55501.2815,0.9742,0,0,5.28001,130.516153,0.981,261.514197,26.151,1.35235,1.682843,0.168,5942.324,0.2827,0.7184,0.9536,0.9739,0.5847,0.2312,273.154,"config=epq_train_refined.json; coarse protocol fixed across methods; splits=train/full query/full; topk=1000; metric_topk=1000; rerank_depth=all; recon_sample=200000; peak_ram_gb=/usr/bin/time -v maxrss; index_size_mb=serialized bytes /(1024^2); log_stem=joint_deep10M_128b_rabitq_nlist16384_nprobe64; coarse_kmeans=25x1; run_tag=joint_topk1000_fullsplits_serial_t12_host_cpuset1x3x5x7x9x11x13x15x17x19x21x23_norefine_20260624; env=host=anonymous, cpu=Intel(R) Xeon(R) Gold 6448Y, cpuset=1,3,5,7,9,11,13,15,17,19,21,23, mems=0-1, faiss_target=faiss_avx2, simd=avx2, compiler=GNU-13.3.0; method_cfg=family=rabitq,nb_bits=1,nominal_budget_bits=128,effective_budget_bits=160; RaBitQ nominal budget labels follow the shared 64/128-bit benchmark convention; actual footprint is captured by index_size_mb"
2026-06-24T23:04:21Z,deep10M,96,10000000,10000,160,16384,64,1000,all,200000,12,faiss:IVF+RaBitQ payload=IndexRaBitQ nb_bits=1,129.486246,261.361046,0.316615,55501.2815,0.9742,0,0,5.283574,134.769822,0.981,261.361046,26.136,1.366746,1.683361,0.168,5940.498,0.2827,0.7184,0.9536,0.9739,0.5847,0.2312,273.154,"config=epq_train_refined.json; coarse protocol fixed across methods; splits=train/full query/full; topk=1000; metric_topk=1000; rerank_depth=all; recon_sample=200000; peak_ram_gb=/usr/bin/time -v maxrss; index_size_mb=serialized bytes /(1024^2); log_stem=joint_deep10M_64b_rabitq_nlist16384_nprobe64; coarse_kmeans=25x1; run_tag=joint_topk1000_fullsplits_serial_t12_host_cpuset1x3x5x7x9x11x13x15x17x19x21x23_norefine_20260624; env=host=anonymous, cpu=Intel(R) Xeon(R) Gold 6448Y, cpuset=1,3,5,7,9,11,13,15,17,19,21,23, mems=0-1, faiss_target=faiss_avx2, simd=avx2, compiler=GNU-13.3.0; method_cfg=family=rabitq,nb_bits=1,nominal_budget_bits=64,effective_budget_bits=160; RaBitQ nominal budget labels follow the shared 64/128-bit benchmark convention; actual footprint is captured by index_size_mb"
2026-06-25T11:12:45Z,deep10M,96,10000000,10000,160,16384,64,1000,all,200000,12,faiss:IVF+RaBitQ payload=IndexRaBitQ nb_bits=1,123.918891,263.284197,0.310274,55501.2815,0.9742,0,0,5.198962,129.117855,5.532,263.284197,26.328,1.684087,1.994361,0.199,5014.137,0.9739,0.9739,0.9739,0.9739,0.5847,0.2312,273.154,"config=epq_train_refined.json; coarse protocol fixed across methods; splits=train/full query/full; topk=1000; metric_topk=1000; rerank_depth=all; recon_sample=200000; peak_ram_gb=/usr/bin/time -v maxrss; index_size_mb=serialized bytes /(1024^2); log_stem=joint_deep10M_128b_rabitq_nlist16384_nprobe64_refine; coarse_kmeans=25x1; run_tag=joint_topk1000_fullsplits_serial_t12_host_cpuset1x3x5x7x9x11x13x15x17x19x21x23_refine_20260624; env=host=anonymous, cpu=Intel(R) Xeon(R) Gold 6448Y, cpuset=1,3,5,7,9,11,13,15,17,19,21,23, mems=0-1, faiss_target=faiss_avx2, simd=avx2, compiler=GNU-13.3.0; method_cfg=family=rabitq,nb_bits=1,nominal_budget_bits=128,effective_budget_bits=160; refine=IndexRefineFlat k_factor=1.0; RaBitQ nominal budget labels follow the shared 64/128-bit benchmark convention; actual footprint is captured by index_size_mb"
2026-06-25T10:45:54Z,deep10M,96,10000000,10000,160,16384,64,1000,all,200000,12,faiss:IVF+RaBitQ payload=IndexRaBitQ nb_bits=1,123.891535,262.964373,0.310872,55501.2815,0.9742,0,0,5.193171,129.084707,5.532,262.964373,26.296,1.683388,1.99426,0.199,5014.391,0.9739,0.9739,0.9739,0.9739,0.5847,0.2312,273.154,"config=epq_train_refined.json; coarse protocol fixed across methods; splits=train/full query/full; topk=1000; metric_topk=1000; rerank_depth=all; recon_sample=200000; peak_ram_gb=/usr/bin/time -v maxrss; index_size_mb=serialized bytes /(1024^2); log_stem=joint_deep10M_64b_rabitq_nlist16384_nprobe64_refine; coarse_kmeans=25x1; run_tag=joint_topk1000_fullsplits_serial_t12_host_cpuset1x3x5x7x9x11x13x15x17x19x21x23_refine_20260624; env=host=anonymous, cpu=Intel(R) Xeon(R) Gold 6448Y, cpuset=1,3,5,7,9,11,13,15,17,19,21,23, mems=0-1, faiss_target=faiss_avx2, simd=avx2, compiler=GNU-13.3.0; method_cfg=family=rabitq,nb_bits=1,nominal_budget_bits=64,effective_budget_bits=160; refine=IndexRefineFlat k_factor=1.0; RaBitQ nominal budget labels follow the shared 64/128-bit benchmark convention; actual footprint is captured by index_size_mb"
2026-06-24T23:37:31Z,deep10M,96,10000000,10000,160,16384,128,1000,all,200000,12,faiss:IVF+RaBitQ payload=IndexRaBitQ nb_bits=1,124.565479,267.55977,0.340262,105334.6878,0.9907,0,0,5.399973,129.965454,0.982,267.55977,26.756,2.571011,2.911272,0.291,3434.924,0.2812,0.7185,0.9651,0.9903,0.5912,0.2312,273.154,"config=epq_train_refined.json; coarse protocol fixed across methods; splits=train/full query/full; topk=1000; metric_topk=1000; rerank_depth=all; recon_sample=200000; peak_ram_gb=/usr/bin/time -v maxrss; index_size_mb=serialized bytes /(1024^2); log_stem=joint_deep10M_128b_rabitq_nlist16384_nprobe128; coarse_kmeans=25x1; run_tag=joint_topk1000_fullsplits_serial_t12_host_cpuset1x3x5x7x9x11x13x15x17x19x21x23_norefine_20260624; env=host=anonymous, cpu=Intel(R) Xeon(R) Gold 6448Y, cpuset=1,3,5,7,9,11,13,15,17,19,21,23, mems=0-1, faiss_target=faiss_avx2, simd=avx2, compiler=GNU-13.3.0; method_cfg=family=rabitq,nb_bits=1,nominal_budget_bits=128,effective_budget_bits=160; RaBitQ nominal budget labels follow the shared 64/128-bit benchmark convention; actual footprint is captured by index_size_mb"
2026-06-24T23:11:02Z,deep10M,96,10000000,10000,160,16384,128,1000,all,200000,12,faiss:IVF+RaBitQ payload=IndexRaBitQ nb_bits=1,130.180286,260.763847,0.339524,105334.6878,0.9907,0,0,5.267231,135.447525,0.984,260.763847,26.076,2.570751,2.910275,0.291,3436.101,0.2812,0.7185,0.9651,0.9903,0.5912,0.2312,273.154,"config=epq_train_refined.json; coarse protocol fixed across methods; splits=train/full query/full; topk=1000; metric_topk=1000; rerank_depth=all; recon_sample=200000; peak_ram_gb=/usr/bin/time -v maxrss; index_size_mb=serialized bytes /(1024^2); log_stem=joint_deep10M_64b_rabitq_nlist16384_nprobe128; coarse_kmeans=25x1; run_tag=joint_topk1000_fullsplits_serial_t12_host_cpuset1x3x5x7x9x11x13x15x17x19x21x23_norefine_20260624; env=host=anonymous, cpu=Intel(R) Xeon(R) Gold 6448Y, cpuset=1,3,5,7,9,11,13,15,17,19,21,23, mems=0-1, faiss_target=faiss_avx2, simd=avx2, compiler=GNU-13.3.0; method_cfg=family=rabitq,nb_bits=1,nominal_budget_bits=64,effective_budget_bits=160; RaBitQ nominal budget labels follow the shared 64/128-bit benchmark convention; actual footprint is captured by index_size_mb"
2026-06-25T11:19:24Z,deep10M,96,10000000,10000,160,16384,128,1000,all,200000,12,faiss:IVF+RaBitQ payload=IndexRaBitQ nb_bits=1,123.975127,263.17252,0.329948,105334.6878,0.9907,0,0,5.190593,129.165721,5.532,263.17252,26.317,2.895155,3.225103,0.323,3100.677,0.9903,0.9903,0.9903,0.9903,0.5912,0.2312,273.154,"config=epq_train_refined.json; coarse protocol fixed across methods; splits=train/full query/full; topk=1000; metric_topk=1000; rerank_depth=all; recon_sample=200000; peak_ram_gb=/usr/bin/time -v maxrss; index_size_mb=serialized bytes /(1024^2); log_stem=joint_deep10M_128b_rabitq_nlist16384_nprobe128_refine; coarse_kmeans=25x1; run_tag=joint_topk1000_fullsplits_serial_t12_host_cpuset1x3x5x7x9x11x13x15x17x19x21x23_refine_20260624; env=host=anonymous, cpu=Intel(R) Xeon(R) Gold 6448Y, cpuset=1,3,5,7,9,11,13,15,17,19,21,23, mems=0-1, faiss_target=faiss_avx2, simd=avx2, compiler=GNU-13.3.0; method_cfg=family=rabitq,nb_bits=1,nominal_budget_bits=128,effective_budget_bits=160; refine=IndexRefineFlat k_factor=1.0; RaBitQ nominal budget labels follow the shared 64/128-bit benchmark convention; actual footprint is captured by index_size_mb"
2026-06-25T10:52:33Z,deep10M,96,10000000,10000,160,16384,128,1000,all,200000,12,faiss:IVF+RaBitQ payload=IndexRaBitQ nb_bits=1,124.488961,264.628825,0.344669,105334.6878,0.9907,0,0,5.208099,129.697061,5.531,264.628825,26.463,2.878987,3.223656,0.322,3102.068,0.9903,0.9903,0.9903,0.9903,0.5912,0.2312,273.154,"config=epq_train_refined.json; coarse protocol fixed across methods; splits=train/full query/full; topk=1000; metric_topk=1000; rerank_depth=all; recon_sample=200000; peak_ram_gb=/usr/bin/time -v maxrss; index_size_mb=serialized bytes /(1024^2); log_stem=joint_deep10M_64b_rabitq_nlist16384_nprobe128_refine; coarse_kmeans=25x1; run_tag=joint_topk1000_fullsplits_serial_t12_host_cpuset1x3x5x7x9x11x13x15x17x19x21x23_refine_20260624; env=host=anonymous, cpu=Intel(R) Xeon(R) Gold 6448Y, cpuset=1,3,5,7,9,11,13,15,17,19,21,23, mems=0-1, faiss_target=faiss_avx2, simd=avx2, compiler=GNU-13.3.0; method_cfg=family=rabitq,nb_bits=1,nominal_budget_bits=64,effective_budget_bits=160; refine=IndexRefineFlat k_factor=1.0; RaBitQ nominal budget labels follow the shared 64/128-bit benchmark convention; actual footprint is captured by index_size_mb"
